file,line,type,commit,author,date,time,timezone,datetime,depth,length
style.css,1,css,e06986cf,kagastyaraju,2025-01-17,16:59:37,-08:00,2025-01-17T16:59:37-08:00,0,5
style.css,2,css,e06986cf,kagastyaraju,2025-01-17,16:59:37,-08:00,2025-01-17T16:59:37-08:00,1,46
style.css,3,css,3f12cb1c,kagastyaraju,2025-01-24,00:01:38,-08:00,2025-01-24T00:01:38-08:00,1,39
style.css,4,css,3f12cb1c,kagastyaraju,2025-01-24,00:01:38,-08:00,2025-01-24T00:01:38-08:00,0,0
style.css,5,css,3f12cb1c,kagastyaraju,2025-01-24,00:01:38,-08:00,2025-01-24T00:01:38-08:00,0,0
style.css,6,css,3f12cb1c,kagastyaraju,2025-01-24,00:01:38,-08:00,2025-01-24T00:01:38-08:00,0,4
style.css,7,css,3f12cb1c,kagastyaraju,2025-01-24,00:01:38,-08:00,2025-01-24T00:01:38-08:00,1,62
style.css,8,css,e06986cf,kagastyaraju,2025-01-17,16:59:37,-08:00,2025-01-17T16:59:37-08:00,0,0
style.css,9,css,e06986cf,kagastyaraju,2025-01-17,16:59:37,-08:00,2025-01-17T16:59:37-08:00,0,0
style.css,10,css,5e840c64,kagastyaraju,2025-01-10,16:42:08,-08:00,2025-01-10T16:42:08-08:00,0,4
style.css,11,css,e06986cf,kagastyaraju,2025-01-17,16:59:37,-08:00,2025-01-17T16:59:37-08:00,1,23
style.css,12,css,e06986cf,kagastyaraju,2025-01-17,16:59:37,-08:00,2025-01-17T16:59:37-08:00,1,15
style.css,13,css,e06986cf,kagastyaraju,2025-01-17,16:59:37,-08:00,2025-01-17T16:59:37-08:00,1,42
style.css,14,css,e06986cf,kagastyaraju,2025-01-17,16:59:37,-08:00,2025-01-17T16:59:37-08:00,1,11
style.css,15,css,3f12cb1c,kagastyaraju,2025-01-24,00:01:38,-08:00,2025-01-24T00:01:38-08:00,1,58
style.css,16,css,3f12cb1c,kagastyaraju,2025-01-24,00:01:38,-08:00,2025-01-24T00:01:38-08:00,1,51
style.css,17,css,e06986cf,kagastyaraju,2025-01-17,16:59:37,-08:00,2025-01-17T16:59:37-08:00,0,0
style.css,18,css,e06986cf,kagastyaraju,2025-01-17,16:59:37,-08:00,2025-01-17T16:59:37-08:00,0,0
style.css,19,css,e06986cf,kagastyaraju,2025-01-17,16:59:37,-08:00,2025-01-17T16:59:37-08:00,0,6
style.css,20,css,e06986cf,kagastyaraju,2025-01-17,16:59:37,-08:00,2025-01-17T16:59:37-08:00,1,16
style.css,21,css,e06986cf,kagastyaraju,2025-01-17,16:59:37,-08:00,2025-01-17T16:59:37-08:00,0,0
style.css,22,css,e06986cf,kagastyaraju,2025-01-17,16:59:37,-08:00,2025-01-17T16:59:37-08:00,0,0
style.css,23,css,e06986cf,kagastyaraju,2025-01-17,16:59:37,-08:00,2025-01-17T16:59:37-08:00,0,9
style.css,24,css,e06986cf,kagastyaraju,2025-01-17,16:59:37,-08:00,2025-01-17T16:59:37-08:00,1,16
style.css,25,css,e06986cf,kagastyaraju,2025-01-17,16:59:37,-08:00,2025-01-17T16:59:37-08:00,0,0
style.css,26,css,e06986cf,kagastyaraju,2025-01-17,16:59:37,-08:00,2025-01-17T16:59:37-08:00,0,0
style.css,27,css,e06986cf,kagastyaraju,2025-01-17,16:59:37,-08:00,2025-01-17T16:59:37-08:00,0,3
style.css,28,css,e06986cf,kagastyaraju,2025-01-17,16:59:37,-08:00,2025-01-17T16:59:37-08:00,1,12
style.css,29,css,e06986cf,kagastyaraju,2025-01-17,16:59:37,-08:00,2025-01-17T16:59:37-08:00,1,29
style.css,30,css,e06986cf,kagastyaraju,2025-01-17,16:59:37,-08:00,2025-01-17T16:59:37-08:00,1,18
style.css,31,css,e06986cf,kagastyaraju,2025-01-17,16:59:37,-08:00,2025-01-17T16:59:37-08:00,1,15
style.css,32,css,3f12cb1c,kagastyaraju,2025-01-24,00:01:38,-08:00,2025-01-24T00:01:38-08:00,1,48
style.css,33,css,3f12cb1c,kagastyaraju,2025-01-24,00:01:38,-08:00,2025-01-24T00:01:38-08:00,1,43
style.css,34,css,e06986cf,kagastyaraju,2025-01-17,16:59:37,-08:00,2025-01-17T16:59:37-08:00,0,0
style.css,35,css,e06986cf,kagastyaraju,2025-01-17,16:59:37,-08:00,2025-01-17T16:59:37-08:00,0,0
style.css,36,css,e06986cf,kagastyaraju,2025-01-17,16:59:37,-08:00,2025-01-17T16:59:37-08:00,0,5
style.css,37,css,e06986cf,kagastyaraju,2025-01-17,16:59:37,-08:00,2025-01-17T16:59:37-08:00,1,6
style.css,38,css,e06986cf,kagastyaraju,2025-01-17,16:59:37,-08:00,2025-01-17T16:59:37-08:00,1,17
style.css,39,css,e06986cf,kagastyaraju,2025-01-17,16:59:37,-08:00,2025-01-17T16:59:37-08:00,1,20
style.css,40,css,e06986cf,kagastyaraju,2025-01-17,16:59:37,-08:00,2025-01-17T16:59:37-08:00,1,13
style.css,41,css,3f12cb1c,kagastyaraju,2025-01-24,00:01:38,-08:00,2025-01-24T00:01:38-08:00,1,16
style.css,42,css,e06986cf,kagastyaraju,2025-01-17,16:59:37,-08:00,2025-01-17T16:59:37-08:00,1,16
style.css,43,css,e06986cf,kagastyaraju,2025-01-17,16:59:37,-08:00,2025-01-17T16:59:37-08:00,1,79
style.css,44,css,e06986cf,kagastyaraju,2025-01-17,16:59:37,-08:00,2025-01-17T16:59:37-08:00,0,0
style.css,45,css,e06986cf,kagastyaraju,2025-01-17,16:59:37,-08:00,2025-01-17T16:59:37-08:00,0,0
style.css,46,css,e06986cf,kagastyaraju,2025-01-17,16:59:37,-08:00,2025-01-17T16:59:37-08:00,0,13
style.css,47,css,e06986cf,kagastyaraju,2025-01-17,16:59:37,-08:00,2025-01-17T16:59:37-08:00,1,36
style.css,48,css,e06986cf,kagastyaraju,2025-01-17,16:59:37,-08:00,2025-01-17T16:59:37-08:00,1,11
style.css,49,css,e06986cf,kagastyaraju,2025-01-17,16:59:37,-08:00,2025-01-17T16:59:37-08:00,1,45
style.css,50,css,e06986cf,kagastyaraju,2025-01-17,16:59:37,-08:00,2025-01-17T16:59:37-08:00,1,20
style.css,51,css,e06986cf,kagastyaraju,2025-01-17,16:59:37,-08:00,2025-01-17T16:59:37-08:00,0,0
style.css,52,css,e06986cf,kagastyaraju,2025-01-17,16:59:37,-08:00,2025-01-17T16:59:37-08:00,0,0
style.css,53,css,e06986cf,kagastyaraju,2025-01-17,16:59:37,-08:00,2025-01-17T16:59:37-08:00,0,11
style.css,54,css,3f12cb1c,kagastyaraju,2025-01-24,00:01:38,-08:00,2025-01-24T00:01:38-08:00,1,69
style.css,55,css,3f12cb1c,kagastyaraju,2025-01-24,00:01:38,-08:00,2025-01-24T00:01:38-08:00,1,16
style.css,56,css,e06986cf,kagastyaraju,2025-01-17,16:59:37,-08:00,2025-01-17T16:59:37-08:00,1,45
style.css,57,css,e06986cf,kagastyaraju,2025-01-17,16:59:37,-08:00,2025-01-17T16:59:37-08:00,0,0
style.css,58,css,e06986cf,kagastyaraju,2025-01-17,16:59:37,-08:00,2025-01-17T16:59:37-08:00,0,0
style.css,59,css,e06986cf,kagastyaraju,2025-01-17,16:59:37,-08:00,2025-01-17T16:59:37-08:00,0,4
style.css,60,css,e06986cf,kagastyaraju,2025-01-17,16:59:37,-08:00,2025-01-17T16:59:37-08:00,1,12
style.css,61,css,e06986cf,kagastyaraju,2025-01-17,16:59:37,-08:00,2025-01-17T16:59:37-08:00,1,30
style.css,62,css,e06986cf,kagastyaraju,2025-01-17,16:59:37,-08:00,2025-01-17T16:59:37-08:00,1,7
style.css,63,css,e06986cf,kagastyaraju,2025-01-17,16:59:37,-08:00,2025-01-17T16:59:37-08:00,1,15
style.css,64,css,e06986cf,kagastyaraju,2025-01-17,16:59:37,-08:00,2025-01-17T16:59:37-08:00,1,13
style.css,65,css,e06986cf,kagastyaraju,2025-01-17,16:59:37,-08:00,2025-01-17T16:59:37-08:00,1,11
style.css,66,css,3f12cb1c,kagastyaraju,2025-01-24,00:01:38,-08:00,2025-01-24T00:01:38-08:00,1,36
style.css,67,css,e06986cf,kagastyaraju,2025-01-17,16:59:37,-08:00,2025-01-17T16:59:37-08:00,1,17
style.css,68,css,3f12cb1c,kagastyaraju,2025-01-24,00:01:38,-08:00,2025-01-24T00:01:38-08:00,1,23
style.css,69,css,e06986cf,kagastyaraju,2025-01-17,16:59:37,-08:00,2025-01-17T16:59:37-08:00,0,0
style.css,70,css,e06986cf,kagastyaraju,2025-01-17,16:59:37,-08:00,2025-01-17T16:59:37-08:00,0,0
style.css,71,css,e06986cf,kagastyaraju,2025-01-17,16:59:37,-08:00,2025-01-17T16:59:37-08:00,0,10
style.css,72,css,e06986cf,kagastyaraju,2025-01-17,16:59:37,-08:00,2025-01-17T16:59:37-08:00,1,13
style.css,73,css,e06986cf,kagastyaraju,2025-01-17,16:59:37,-08:00,2025-01-17T16:59:37-08:00,1,17
style.css,74,css,e06986cf,kagastyaraju,2025-01-17,16:59:37,-08:00,2025-01-17T16:59:37-08:00,1,16
style.css,75,css,e06986cf,kagastyaraju,2025-01-17,16:59:37,-08:00,2025-01-17T16:59:37-08:00,0,0
style.css,76,css,e06986cf,kagastyaraju,2025-01-17,16:59:37,-08:00,2025-01-17T16:59:37-08:00,0,0
style.css,77,css,e06986cf,kagastyaraju,2025-01-17,16:59:37,-08:00,2025-01-17T16:59:37-08:00,0,9
style.css,78,css,e06986cf,kagastyaraju,2025-01-17,16:59:37,-08:00,2025-01-17T16:59:37-08:00,0,13
style.css,79,css,e06986cf,kagastyaraju,2025-01-17,16:59:37,-08:00,2025-01-17T16:59:37-08:00,1,13
style.css,80,css,e06986cf,kagastyaraju,2025-01-17,16:59:37,-08:00,2025-01-17T16:59:37-08:00,1,10
style.css,81,css,e06986cf,kagastyaraju,2025-01-17,16:59:37,-08:00,2025-01-17T16:59:37-08:00,1,21
style.css,82,css,e06986cf,kagastyaraju,2025-01-17,16:59:37,-08:00,2025-01-17T16:59:37-08:00,1,13
style.css,83,css,3f12cb1c,kagastyaraju,2025-01-24,00:01:38,-08:00,2025-01-24T00:01:38-08:00,1,36
style.css,84,css,e06986cf,kagastyaraju,2025-01-17,16:59:37,-08:00,2025-01-17T16:59:37-08:00,1,17
style.css,85,css,e06986cf,kagastyaraju,2025-01-17,16:59:37,-08:00,2025-01-17T16:59:37-08:00,1,12
style.css,86,css,e06986cf,kagastyaraju,2025-01-17,16:59:37,-08:00,2025-01-17T16:59:37-08:00,0,0
style.css,87,css,e06986cf,kagastyaraju,2025-01-17,16:59:37,-08:00,2025-01-17T16:59:37-08:00,0,0
style.css,88,css,e06986cf,kagastyaraju,2025-01-17,16:59:37,-08:00,2025-01-17T16:59:37-08:00,0,11
style.css,89,css,e06986cf,kagastyaraju,2025-01-17,16:59:37,-08:00,2025-01-17T16:59:37-08:00,1,18
style.css,90,css,e06986cf,kagastyaraju,2025-01-17,16:59:37,-08:00,2025-01-17T16:59:37-08:00,1,14
style.css,91,css,e06986cf,kagastyaraju,2025-01-17,16:59:37,-08:00,2025-01-17T16:59:37-08:00,1,36
style.css,92,css,e06986cf,kagastyaraju,2025-01-17,16:59:37,-08:00,2025-01-17T16:59:37-08:00,1,11
style.css,93,css,e06986cf,kagastyaraju,2025-01-17,16:59:37,-08:00,2025-01-17T16:59:37-08:00,1,11
style.css,94,css,e06986cf,kagastyaraju,2025-01-17,16:59:37,-08:00,2025-01-17T16:59:37-08:00,1,17
style.css,95,css,e06986cf,kagastyaraju,2025-01-17,16:59:37,-08:00,2025-01-17T16:59:37-08:00,1,14
style.css,96,css,e06986cf,kagastyaraju,2025-01-17,16:59:37,-08:00,2025-01-17T16:59:37-08:00,1,16
style.css,97,css,e06986cf,kagastyaraju,2025-01-17,16:59:37,-08:00,2025-01-17T16:59:37-08:00,1,37
style.css,98,css,e06986cf,kagastyaraju,2025-01-17,16:59:37,-08:00,2025-01-17T16:59:37-08:00,0,0
style.css,99,css,e06986cf,kagastyaraju,2025-01-17,16:59:37,-08:00,2025-01-17T16:59:37-08:00,0,0
style.css,100,css,e06986cf,kagastyaraju,2025-01-17,16:59:37,-08:00,2025-01-17T16:59:37-08:00,0,17
style.css,101,css,e06986cf,kagastyaraju,2025-01-17,16:59:37,-08:00,2025-01-17T16:59:37-08:00,1,21
style.css,102,css,e06986cf,kagastyaraju,2025-01-17,16:59:37,-08:00,2025-01-17T16:59:37-08:00,0,0
style.css,103,css,e06986cf,kagastyaraju,2025-01-17,16:59:37,-08:00,2025-01-17T16:59:37-08:00,0,0
style.css,104,css,e06986cf,kagastyaraju,2025-01-17,16:59:37,-08:00,2025-01-17T16:59:37-08:00,0,9
style.css,105,css,e06986cf,kagastyaraju,2025-01-17,16:59:37,-08:00,2025-01-17T16:59:37-08:00,1,12
style.css,106,css,e06986cf,kagastyaraju,2025-01-17,16:59:37,-08:00,2025-01-17T16:59:37-08:00,1,58
style.css,107,css,e06986cf,kagastyaraju,2025-01-17,16:59:37,-08:00,2025-01-17T16:59:37-08:00,1,7
style.css,108,css,e06986cf,kagastyaraju,2025-01-17,16:59:37,-08:00,2025-01-17T16:59:37-08:00,1,14
style.css,109,css,e06986cf,kagastyaraju,2025-01-17,16:59:37,-08:00,2025-01-17T16:59:37-08:00,1,11
style.css,110,css,e06986cf,kagastyaraju,2025-01-17,16:59:37,-08:00,2025-01-17T16:59:37-08:00,0,0
style.css,111,css,e06986cf,kagastyaraju,2025-01-17,16:59:37,-08:00,2025-01-17T16:59:37-08:00,0,0
style.css,112,css,e06986cf,kagastyaraju,2025-01-17,16:59:37,-08:00,2025-01-17T16:59:37-08:00,0,17
style.css,113,css,3f12cb1c,kagastyaraju,2025-01-24,00:01:38,-08:00,2025-01-24T00:01:38-08:00,1,23
style.css,114,css,3f12cb1c,kagastyaraju,2025-01-24,00:01:38,-08:00,2025-01-24T00:01:38-08:00,1,36
style.css,115,css,e06986cf,kagastyaraju,2025-01-17,16:59:37,-08:00,2025-01-17T16:59:37-08:00,1,17
style.css,116,css,e06986cf,kagastyaraju,2025-01-17,16:59:37,-08:00,2025-01-17T16:59:37-08:00,1,11
style.css,117,css,e06986cf,kagastyaraju,2025-01-17,16:59:37,-08:00,2025-01-17T16:59:37-08:00,1,12
style.css,118,css,e06986cf,kagastyaraju,2025-01-17,16:59:37,-08:00,2025-01-17T16:59:37-08:00,1,26
style.css,119,css,e06986cf,kagastyaraju,2025-01-17,16:59:37,-08:00,2025-01-17T16:59:37-08:00,1,15
style.css,120,css,e06986cf,kagastyaraju,2025-01-17,16:59:37,-08:00,2025-01-17T16:59:37-08:00,0,0
style.css,121,css,e06986cf,kagastyaraju,2025-01-17,16:59:37,-08:00,2025-01-17T16:59:37-08:00,0,0
style.css,122,css,e06986cf,kagastyaraju,2025-01-17,16:59:37,-08:00,2025-01-17T16:59:37-08:00,0,13
style.css,123,css,e06986cf,kagastyaraju,2025-01-17,16:59:37,-08:00,2025-01-17T16:59:37-08:00,1,13
style.css,124,css,e06986cf,kagastyaraju,2025-01-17,16:59:37,-08:00,2025-01-17T16:59:37-08:00,1,13
style.css,125,css,e06986cf,kagastyaraju,2025-01-17,16:59:37,-08:00,2025-01-17T16:59:37-08:00,1,14
style.css,126,css,e06986cf,kagastyaraju,2025-01-17,16:59:37,-08:00,2025-01-17T16:59:37-08:00,1,11
style.css,127,css,e06986cf,kagastyaraju,2025-01-17,16:59:37,-08:00,2025-01-17T16:59:37-08:00,0,0
style.css,128,css,e06986cf,kagastyaraju,2025-01-17,16:59:37,-08:00,2025-01-17T16:59:37-08:00,0,0
style.css,129,css,e06986cf,kagastyaraju,2025-01-17,16:59:37,-08:00,2025-01-17T16:59:37-08:00,0,12
style.css,130,css,e06986cf,kagastyaraju,2025-01-17,16:59:37,-08:00,2025-01-17T16:59:37-08:00,1,8
style.css,131,css,e06986cf,kagastyaraju,2025-01-17,16:59:37,-08:00,2025-01-17T16:59:37-08:00,1,15
style.css,132,css,e06986cf,kagastyaraju,2025-01-17,16:59:37,-08:00,2025-01-17T16:59:37-08:00,1,15
style.css,133,css,e06986cf,kagastyaraju,2025-01-17,16:59:37,-08:00,2025-01-17T16:59:37-08:00,1,17
style.css,134,css,e06986cf,kagastyaraju,2025-01-17,16:59:37,-08:00,2025-01-17T16:59:37-08:00,0,0
style.css,135,css,e06986cf,kagastyaraju,2025-01-17,16:59:37,-08:00,2025-01-17T16:59:37-08:00,0,0
style.css,136,css,e06986cf,kagastyaraju,2025-01-17,16:59:37,-08:00,2025-01-17T16:59:37-08:00,0,2
style.css,137,css,e06986cf,kagastyaraju,2025-01-17,16:59:37,-08:00,2025-01-17T16:59:37-08:00,1,15
style.css,138,css,e06986cf,kagastyaraju,2025-01-17,16:59:37,-08:00,2025-01-17T16:59:37-08:00,1,16
style.css,139,css,e06986cf,kagastyaraju,2025-01-17,16:59:37,-08:00,2025-01-17T16:59:37-08:00,1,25
style.css,140,css,e06986cf,kagastyaraju,2025-01-17,16:59:37,-08:00,2025-01-17T16:59:37-08:00,1,17
style.css,141,css,e06986cf,kagastyaraju,2025-01-17,16:59:37,-08:00,2025-01-17T16:59:37-08:00,1,14
style.css,142,css,e06986cf,kagastyaraju,2025-01-17,16:59:37,-08:00,2025-01-17T16:59:37-08:00,0,0
style.css,143,css,e06986cf,kagastyaraju,2025-01-17,16:59:37,-08:00,2025-01-17T16:59:37-08:00,0,0
style.css,144,css,e06986cf,kagastyaraju,2025-01-17,16:59:37,-08:00,2025-01-17T16:59:37-08:00,0,1
style.css,145,css,e06986cf,kagastyaraju,2025-01-17,16:59:37,-08:00,2025-01-17T16:59:37-08:00,1,17
style.css,146,css,e06986cf,kagastyaraju,2025-01-17,16:59:37,-08:00,2025-01-17T16:59:37-08:00,1,18
style.css,147,css,e06986cf,kagastyaraju,2025-01-17,16:59:37,-08:00,2025-01-17T16:59:37-08:00,0,0
style.css,148,css,e06986cf,kagastyaraju,2025-01-17,16:59:37,-08:00,2025-01-17T16:59:37-08:00,0,0
style.css,149,css,e06986cf,kagastyaraju,2025-01-17,16:59:37,-08:00,2025-01-17T16:59:37-08:00,0,7
style.css,150,css,e06986cf,kagastyaraju,2025-01-17,16:59:37,-08:00,2025-01-17T16:59:37-08:00,1,15
style.css,151,css,e06986cf,kagastyaraju,2025-01-17,16:59:37,-08:00,2025-01-17T16:59:37-08:00,1,15
style.css,152,css,e06986cf,kagastyaraju,2025-01-17,16:59:37,-08:00,2025-01-17T16:59:37-08:00,1,13
style.css,153,css,3f12cb1c,kagastyaraju,2025-01-24,00:01:38,-08:00,2025-01-24T00:01:38-08:00,1,23
style.css,154,css,e06986cf,kagastyaraju,2025-01-17,16:59:37,-08:00,2025-01-17T16:59:37-08:00,1,17
style.css,155,css,e06986cf,kagastyaraju,2025-01-17,16:59:37,-08:00,2025-01-17T16:59:37-08:00,1,39
style.css,156,css,e06986cf,kagastyaraju,2025-01-17,16:59:37,-08:00,2025-01-17T16:59:37-08:00,0,0
style.css,157,css,e06986cf,kagastyaraju,2025-01-17,16:59:37,-08:00,2025-01-17T16:59:37-08:00,0,0
style.css,158,css,e06986cf,kagastyaraju,2025-01-17,16:59:37,-08:00,2025-01-17T16:59:37-08:00,0,17
style.css,159,css,e06986cf,kagastyaraju,2025-01-17,16:59:37,-08:00,2025-01-17T16:59:37-08:00,1,13
style.css,160,css,e06986cf,kagastyaraju,2025-01-17,16:59:37,-08:00,2025-01-17T16:59:37-08:00,1,25
style.css,161,css,3f12cb1c,kagastyaraju,2025-01-24,00:01:38,-08:00,2025-01-24T00:01:38-08:00,1,43
style.css,162,css,e06986cf,kagastyaraju,2025-01-17,16:59:37,-08:00,2025-01-17T16:59:37-08:00,1,20
style.css,163,css,e06986cf,kagastyaraju,2025-01-17,16:59:37,-08:00,2025-01-17T16:59:37-08:00,1,17
style.css,164,css,e06986cf,kagastyaraju,2025-01-17,16:59:37,-08:00,2025-01-17T16:59:37-08:00,0,0
style.css,165,css,e06986cf,kagastyaraju,2025-01-17,16:59:37,-08:00,2025-01-17T16:59:37-08:00,0,0
style.css,166,css,e06986cf,kagastyaraju,2025-01-17,16:59:37,-08:00,2025-01-17T16:59:37-08:00,0,7
style.css,167,css,e06986cf,kagastyaraju,2025-01-17,16:59:37,-08:00,2025-01-17T16:59:37-08:00,1,19
style.css,168,css,e06986cf,kagastyaraju,2025-01-17,16:59:37,-08:00,2025-01-17T16:59:37-08:00,0,0
style.css,169,css,e06986cf,kagastyaraju,2025-01-17,16:59:37,-08:00,2025-01-17T16:59:37-08:00,0,0
style.css,170,css,e06986cf,kagastyaraju,2025-01-17,16:59:37,-08:00,2025-01-17T16:59:37-08:00,0,17
style.css,171,css,e06986cf,kagastyaraju,2025-01-17,16:59:37,-08:00,2025-01-17T16:59:37-08:00,1,15
style.css,172,css,e06986cf,kagastyaraju,2025-01-17,16:59:37,-08:00,2025-01-17T16:59:37-08:00,1,25
style.css,173,css,e06986cf,kagastyaraju,2025-01-17,16:59:37,-08:00,2025-01-17T16:59:37-08:00,1,19
style.css,174,css,e06986cf,kagastyaraju,2025-01-17,16:59:37,-08:00,2025-01-17T16:59:37-08:00,0,0
style.css,175,css,e06986cf,kagastyaraju,2025-01-17,16:59:37,-08:00,2025-01-17T16:59:37-08:00,0,0
style.css,176,css,e06986cf,kagastyaraju,2025-01-17,16:59:37,-08:00,2025-01-17T16:59:37-08:00,0,10
style.css,177,css,e06986cf,kagastyaraju,2025-01-17,16:59:37,-08:00,2025-01-17T16:59:37-08:00,1,15
style.css,178,css,e06986cf,kagastyaraju,2025-01-17,16:59:37,-08:00,2025-01-17T16:59:37-08:00,1,9
style.css,179,css,e06986cf,kagastyaraju,2025-01-17,16:59:37,-08:00,2025-01-17T16:59:37-08:00,0,0
style.css,180,css,e06986cf,kagastyaraju,2025-01-17,16:59:37,-08:00,2025-01-17T16:59:37-08:00,0,0
style.css,181,css,e06986cf,kagastyaraju,2025-01-17,16:59:37,-08:00,2025-01-17T16:59:37-08:00,0,13
style.css,182,css,3f12cb1c,kagastyaraju,2025-01-24,00:01:38,-08:00,2025-01-24T00:01:38-08:00,1,21
style.css,183,css,3f12cb1c,kagastyaraju,2025-01-24,00:01:38,-08:00,2025-01-24T00:01:38-08:00,1,12
style.css,184,css,e06986cf,kagastyaraju,2025-01-17,16:59:37,-08:00,2025-01-17T16:59:37-08:00,1,14
style.css,185,css,e06986cf,kagastyaraju,2025-01-17,16:59:37,-08:00,2025-01-17T16:59:37-08:00,1,13
style.css,186,css,e06986cf,kagastyaraju,2025-01-17,16:59:37,-08:00,2025-01-17T16:59:37-08:00,1,41
style.css,187,css,e06986cf,kagastyaraju,2025-01-17,16:59:37,-08:00,2025-01-17T16:59:37-08:00,0,0
style.css,188,css,3f12cb1c,kagastyaraju,2025-01-24,00:01:38,-08:00,2025-01-24T00:01:38-08:00,0,0
style.css,189,css,3f12cb1c,kagastyaraju,2025-01-24,00:01:38,-08:00,2025-01-24T00:01:38-08:00,0,13
style.css,190,css,3f12cb1c,kagastyaraju,2025-01-24,00:01:38,-08:00,2025-01-24T00:01:38-08:00,1,17
style.css,191,css,3f12cb1c,kagastyaraju,2025-01-24,00:01:38,-08:00,2025-01-24T00:01:38-08:00,1,8
style.css,192,css,3f12cb1c,kagastyaraju,2025-01-24,00:01:38,-08:00,2025-01-24T00:01:38-08:00,1,10
style.css,193,css,3f12cb1c,kagastyaraju,2025-01-24,00:01:38,-08:00,2025-01-24T00:01:38-08:00,1,13
style.css,194,css,3f12cb1c,kagastyaraju,2025-01-24,00:01:38,-08:00,2025-01-24T00:01:38-08:00,1,19
style.css,195,css,3f12cb1c,kagastyaraju,2025-01-24,00:01:38,-08:00,2025-01-24T00:01:38-08:00,1,30
style.css,196,css,3f12cb1c,kagastyaraju,2025-01-24,00:01:38,-08:00,2025-01-24T00:01:38-08:00,1,17
style.css,197,css,3f12cb1c,kagastyaraju,2025-01-24,00:01:38,-08:00,2025-01-24T00:01:38-08:00,1,14
style.css,198,css,3f12cb1c,kagastyaraju,2025-01-24,00:01:38,-08:00,2025-01-24T00:01:38-08:00,1,11
style.css,199,css,3f12cb1c,kagastyaraju,2025-01-24,00:01:38,-08:00,2025-01-24T00:01:38-08:00,0,0
style.css,200,css,3f12cb1c,kagastyaraju,2025-01-24,00:01:38,-08:00,2025-01-24T00:01:38-08:00,0,0
style.css,201,css,3f12cb1c,kagastyaraju,2025-01-24,00:01:38,-08:00,2025-01-24T00:01:38-08:00,0,20
style.css,202,css,3f12cb1c,kagastyaraju,2025-01-24,00:01:38,-08:00,2025-01-24T00:01:38-08:00,1,12
style.css,203,css,3f12cb1c,kagastyaraju,2025-01-24,00:01:38,-08:00,2025-01-24T00:01:38-08:00,1,14
style.css,204,css,3f12cb1c,kagastyaraju,2025-01-24,00:01:38,-08:00,2025-01-24T00:01:38-08:00,0,0
style.css,205,css,28b6caef,kagastyaraju,2025-02-01,16:48:08,-08:00,2025-02-01T16:48:08-08:00,0,0
style.css,206,css,28b6caef,kagastyaraju,2025-02-01,16:48:08,-08:00,2025-02-01T16:48:08-08:00,0,0
style.css,207,css,28b6caef,kagastyaraju,2025-02-01,16:48:08,-08:00,2025-02-01T16:48:08-08:00,0,26
style.css,208,css,28b6caef,kagastyaraju,2025-02-01,16:48:08,-08:00,2025-02-01T16:48:08-08:00,0,14
style.css,209,css,28b6caef,kagastyaraju,2025-02-01,16:48:08,-08:00,2025-02-01T16:48:08-08:00,1,13
style.css,210,css,28b6caef,kagastyaraju,2025-02-01,16:48:08,-08:00,2025-02-01T16:48:08-08:00,1,14
style.css,211,css,28b6caef,kagastyaraju,2025-02-01,16:48:08,-08:00,2025-02-01T16:48:08-08:00,1,18
style.css,212,css,28b6caef,kagastyaraju,2025-02-01,16:48:08,-08:00,2025-02-01T16:48:08-08:00,1,18
style.css,213,css,28b6caef,kagastyaraju,2025-02-01,16:48:08,-08:00,2025-02-01T16:48:08-08:00,1,39
style.css,214,css,28b6caef,kagastyaraju,2025-02-01,16:48:08,-08:00,2025-02-01T16:48:08-08:00,0,0
style.css,215,css,28b6caef,kagastyaraju,2025-02-01,16:48:08,-08:00,2025-02-01T16:48:08-08:00,0,0
style.css,216,css,28b6caef,kagastyaraju,2025-02-01,16:48:08,-08:00,2025-02-01T16:48:08-08:00,0,17
style.css,217,css,28b6caef,kagastyaraju,2025-02-01,16:48:08,-08:00,2025-02-01T16:48:08-08:00,1,19
style.css,218,css,28b6caef,kagastyaraju,2025-02-01,16:48:08,-08:00,2025-02-01T16:48:08-08:00,1,13
style.css,219,css,28b6caef,kagastyaraju,2025-02-01,16:48:08,-08:00,2025-02-01T16:48:08-08:00,1,16
style.css,220,css,28b6caef,kagastyaraju,2025-02-01,16:48:08,-08:00,2025-02-01T16:48:08-08:00,1,31
style.css,221,css,28b6caef,kagastyaraju,2025-02-01,16:48:08,-08:00,2025-02-01T16:48:08-08:00,1,21
style.css,222,css,28b6caef,kagastyaraju,2025-02-01,16:48:08,-08:00,2025-02-01T16:48:08-08:00,0,0
style.css,223,css,28b6caef,kagastyaraju,2025-02-01,16:48:08,-08:00,2025-02-01T16:48:08-08:00,0,0
style.css,224,css,28b6caef,kagastyaraju,2025-02-01,16:48:08,-08:00,2025-02-01T16:48:08-08:00,0,21
style.css,225,css,28b6caef,kagastyaraju,2025-02-01,16:48:08,-08:00,2025-02-01T16:48:08-08:00,0,11
style.css,226,css,28b6caef,kagastyaraju,2025-02-01,16:48:08,-08:00,2025-02-01T16:48:08-08:00,1,12
style.css,227,css,28b6caef,kagastyaraju,2025-02-01,16:48:08,-08:00,2025-02-01T16:48:08-08:00,1,58
style.css,228,css,28b6caef,kagastyaraju,2025-02-01,16:48:08,-08:00,2025-02-01T16:48:08-08:00,1,10
style.css,229,css,28b6caef,kagastyaraju,2025-02-01,16:48:08,-08:00,2025-02-01T16:48:08-08:00,0,0
style.css,230,css,28b6caef,kagastyaraju,2025-02-01,16:48:08,-08:00,2025-02-01T16:48:08-08:00,0,0
style.css,231,css,28b6caef,kagastyaraju,2025-02-01,16:48:08,-08:00,2025-02-01T16:48:08-08:00,0,10
style.css,232,css,28b6caef,kagastyaraju,2025-02-01,16:48:08,-08:00,2025-02-01T16:48:08-08:00,1,17
style.css,233,css,28b6caef,kagastyaraju,2025-02-01,16:48:08,-08:00,2025-02-01T16:48:08-08:00,1,12
style.css,234,css,28b6caef,kagastyaraju,2025-02-01,16:48:08,-08:00,2025-02-01T16:48:08-08:00,1,16
style.css,235,css,28b6caef,kagastyaraju,2025-02-01,16:48:08,-08:00,2025-02-01T16:48:08-08:00,1,17
style.css,236,css,28b6caef,kagastyaraju,2025-02-01,16:48:08,-08:00,2025-02-01T16:48:08-08:00,1,40
style.css,237,css,28b6caef,kagastyaraju,2025-02-01,16:48:08,-08:00,2025-02-01T16:48:08-08:00,0,0
style.css,238,css,28b6caef,kagastyaraju,2025-02-01,16:48:08,-08:00,2025-02-01T16:48:08-08:00,0,0
style.css,239,css,28b6caef,kagastyaraju,2025-02-01,16:48:08,-08:00,2025-02-01T16:48:08-08:00,0,11
style.css,240,css,28b6caef,kagastyaraju,2025-02-01,16:48:08,-08:00,2025-02-01T16:48:08-08:00,1,16
style.css,241,css,28b6caef,kagastyaraju,2025-02-01,16:48:08,-08:00,2025-02-01T16:48:08-08:00,1,15
style.css,242,css,28b6caef,kagastyaraju,2025-02-01,16:48:08,-08:00,2025-02-01T16:48:08-08:00,1,13
style.css,243,css,28b6caef,kagastyaraju,2025-02-01,16:48:08,-08:00,2025-02-01T16:48:08-08:00,1,15
style.css,244,css,28b6caef,kagastyaraju,2025-02-01,16:48:08,-08:00,2025-02-01T16:48:08-08:00,0,0
style.css,245,css,28b6caef,kagastyaraju,2025-02-01,16:48:08,-08:00,2025-02-01T16:48:08-08:00,0,0
style.css,246,css,28b6caef,kagastyaraju,2025-02-01,16:48:08,-08:00,2025-02-01T16:48:08-08:00,0,11
style.css,247,css,28b6caef,kagastyaraju,2025-02-01,16:48:08,-08:00,2025-02-01T16:48:08-08:00,1,16
style.css,248,css,28b6caef,kagastyaraju,2025-02-01,16:48:08,-08:00,2025-02-01T16:48:08-08:00,1,13
style.css,249,css,28b6caef,kagastyaraju,2025-02-01,16:48:08,-08:00,2025-02-01T16:48:08-08:00,1,24
style.css,250,css,28b6caef,kagastyaraju,2025-02-01,16:48:08,-08:00,2025-02-01T16:48:08-08:00,1,18
style.css,251,css,8c6e9538,kagastyaraju,2025-02-05,21:35:35,-08:00,2025-02-05T21:35:35-08:00,0,0
style.css,252,css,8c6e9538,kagastyaraju,2025-02-05,21:35:35,-08:00,2025-02-05T21:35:35-08:00,0,0
style.css,253,css,8c6e9538,kagastyaraju,2025-02-05,21:35:35,-08:00,2025-02-05T21:35:35-08:00,0,13
style.css,254,css,8c6e9538,kagastyaraju,2025-02-05,21:35:35,-08:00,2025-02-05T21:35:35-08:00,1,30
style.css,255,css,8c6e9538,kagastyaraju,2025-02-05,21:35:35,-08:00,2025-02-05T21:35:35-08:00,1,34
style.css,256,css,8c6e9538,kagastyaraju,2025-02-05,21:35:35,-08:00,2025-02-05T21:35:35-08:00,1,10
style.css,257,css,8c6e9538,kagastyaraju,2025-02-05,21:35:35,-08:00,2025-02-05T21:35:35-08:00,1,14
style.css,258,css,8c6e9538,kagastyaraju,2025-02-05,21:35:35,-08:00,2025-02-05T21:35:35-08:00,1,13
style.css,259,css,8c6e9538,kagastyaraju,2025-02-05,21:35:35,-08:00,2025-02-05T21:35:35-08:00,1,14
style.css,260,css,8c6e9538,kagastyaraju,2025-02-05,21:35:35,-08:00,2025-02-05T21:35:35-08:00,1,17
style.css,261,css,8c6e9538,kagastyaraju,2025-02-05,21:35:35,-08:00,2025-02-05T21:35:35-08:00,0,0
style.css,262,css,2d4c5964,kagastyaraju,2025-02-07,14:11:06,-08:00,2025-02-07T14:11:06-08:00,0,0
style.css,263,css,2d4c5964,kagastyaraju,2025-02-07,14:11:06,-08:00,2025-02-07T14:11:06-08:00,0,0
style.css,264,css,2d4c5964,kagastyaraju,2025-02-07,14:11:06,-08:00,2025-02-07T14:11:06-08:00,0,0
style.css,265,css,2d4c5964,kagastyaraju,2025-02-07,14:11:06,-08:00,2025-02-07T14:11:06-08:00,0,21
style.css,266,css,2d4c5964,kagastyaraju,2025-02-07,14:11:06,-08:00,2025-02-07T14:11:06-08:00,0,14
style.css,267,css,2d4c5964,kagastyaraju,2025-02-07,14:11:06,-08:00,2025-02-07T14:11:06-08:00,1,13
style.css,268,css,2d4c5964,kagastyaraju,2025-02-07,14:11:06,-08:00,2025-02-07T14:11:06-08:00,1,12
style.css,269,css,2d4c5964,kagastyaraju,2025-02-07,14:11:06,-08:00,2025-02-07T14:11:06-08:00,1,21
style.css,270,css,2d4c5964,kagastyaraju,2025-02-07,14:11:06,-08:00,2025-02-07T14:11:06-08:00,1,8
style.css,271,css,2d4c5964,kagastyaraju,2025-02-07,14:11:06,-08:00,2025-02-07T14:11:06-08:00,0,0
style.css,272,css,2d4c5964,kagastyaraju,2025-02-07,14:11:06,-08:00,2025-02-07T14:11:06-08:00,0,0
style.css,273,css,2d4c5964,kagastyaraju,2025-02-07,14:11:06,-08:00,2025-02-07T14:11:06-08:00,0,16
style.css,274,css,2d4c5964,kagastyaraju,2025-02-07,14:11:06,-08:00,2025-02-07T14:11:06-08:00,1,12
style.css,275,css,2d4c5964,kagastyaraju,2025-02-07,14:11:06,-08:00,2025-02-07T14:11:06-08:00,1,8
style.css,276,css,2d4c5964,kagastyaraju,2025-02-07,14:11:06,-08:00,2025-02-07T14:11:06-08:00,1,18
style.css,277,css,2d4c5964,kagastyaraju,2025-02-07,14:11:06,-08:00,2025-02-07T14:11:06-08:00,0,0
style.css,278,css,2d4c5964,kagastyaraju,2025-02-07,14:11:06,-08:00,2025-02-07T14:11:06-08:00,0,0
style.css,279,css,2d4c5964,kagastyaraju,2025-02-07,14:11:06,-08:00,2025-02-07T14:11:06-08:00,0,10
style.css,280,css,2d4c5964,kagastyaraju,2025-02-07,14:11:06,-08:00,2025-02-07T14:11:06-08:00,1,15
style.css,281,css,2d4c5964,kagastyaraju,2025-02-07,14:11:06,-08:00,2025-02-07T14:11:06-08:00,1,13
style.css,282,css,2d4c5964,kagastyaraju,2025-02-07,14:11:06,-08:00,2025-02-07T14:11:06-08:00,0,0
style.css,283,css,2d4c5964,kagastyaraju,2025-02-07,14:11:06,-08:00,2025-02-07T14:11:06-08:00,0,0
style.css,284,css,2d4c5964,kagastyaraju,2025-02-07,14:11:06,-08:00,2025-02-07T14:11:06-08:00,0,7
style.css,285,css,2d4c5964,kagastyaraju,2025-02-07,14:11:06,-08:00,2025-02-07T14:11:06-08:00,1,12
style.css,286,css,2d4c5964,kagastyaraju,2025-02-07,14:11:06,-08:00,2025-02-07T14:11:06-08:00,1,10
style.css,287,css,2d4c5964,kagastyaraju,2025-02-07,14:11:06,-08:00,2025-02-07T14:11:06-08:00,1,9
style.css,288,css,2d4c5964,kagastyaraju,2025-02-07,14:11:06,-08:00,2025-02-07T14:11:06-08:00,1,15
style.css,289,css,2d4c5964,kagastyaraju,2025-02-07,14:11:06,-08:00,2025-02-07T14:11:06-08:00,1,11
style.css,290,css,2d4c5964,kagastyaraju,2025-02-07,14:11:06,-08:00,2025-02-07T14:11:06-08:00,0,0
style.css,291,css,2d4c5964,kagastyaraju,2025-02-07,14:11:06,-08:00,2025-02-07T14:11:06-08:00,0,0
style.css,292,css,2d4c5964,kagastyaraju,2025-02-07,14:11:06,-08:00,2025-02-07T14:11:06-08:00,0,10
style.css,293,css,2d4c5964,kagastyaraju,2025-02-07,14:11:06,-08:00,2025-02-07T14:11:06-08:00,1,12
style.css,294,css,2d4c5964,kagastyaraju,2025-02-07,14:11:06,-08:00,2025-02-07T14:11:06-08:00,1,18
style.css,295,css,2d4c5964,kagastyaraju,2025-02-07,14:11:06,-08:00,2025-02-07T14:11:06-08:00,1,10
style.css,296,css,2d4c5964,kagastyaraju,2025-02-07,14:11:06,-08:00,2025-02-07T14:11:06-08:00,1,14
style.css,297,css,2d4c5964,kagastyaraju,2025-02-07,14:11:06,-08:00,2025-02-07T14:11:06-08:00,1,15
style.css,298,css,2d4c5964,kagastyaraju,2025-02-07,14:11:06,-08:00,2025-02-07T14:11:06-08:00,1,17
style.css,299,css,2d4c5964,kagastyaraju,2025-02-07,14:11:06,-08:00,2025-02-07T14:11:06-08:00,0,0
style.css,300,css,2d4c5964,kagastyaraju,2025-02-07,14:11:06,-08:00,2025-02-07T14:11:06-08:00,0,0
style.css,301,css,2d4c5964,kagastyaraju,2025-02-07,14:11:06,-08:00,2025-02-07T14:11:06-08:00,0,7
style.css,302,css,2d4c5964,kagastyaraju,2025-02-07,14:11:06,-08:00,2025-02-07T14:11:06-08:00,1,9
style.css,303,css,2d4c5964,kagastyaraju,2025-02-07,14:11:06,-08:00,2025-02-07T14:11:06-08:00,1,10
style.css,304,css,2d4c5964,kagastyaraju,2025-02-07,14:11:06,-08:00,2025-02-07T14:11:06-08:00,1,17
style.css,305,css,2d4c5964,kagastyaraju,2025-02-07,14:11:06,-08:00,2025-02-07T14:11:06-08:00,1,20
style.css,306,css,2d4c5964,kagastyaraju,2025-02-07,14:11:06,-08:00,2025-02-07T14:11:06-08:00,0,0
style.css,307,css,2d4c5964,kagastyaraju,2025-02-07,14:11:06,-08:00,2025-02-07T14:11:06-08:00,0,0
style.css,308,css,2d4c5964,kagastyaraju,2025-02-07,14:11:06,-08:00,2025-02-07T14:11:06-08:00,0,4
style.css,309,css,2d4c5964,kagastyaraju,2025-02-07,14:11:06,-08:00,2025-02-07T14:11:06-08:00,1,14
style.css,310,css,2d4c5964,kagastyaraju,2025-02-07,14:11:06,-08:00,2025-02-07T14:11:06-08:00,1,23
style.css,311,css,2d4c5964,kagastyaraju,2025-02-07,14:11:06,-08:00,2025-02-07T14:11:06-08:00,0,0
style.css,312,css,2d4c5964,kagastyaraju,2025-02-07,14:11:06,-08:00,2025-02-07T14:11:06-08:00,0,0
style.css,313,css,2d4c5964,kagastyaraju,2025-02-07,14:11:06,-08:00,2025-02-07T14:11:06-08:00,0,9
style.css,314,css,2d4c5964,kagastyaraju,2025-02-07,14:11:06,-08:00,2025-02-07T14:11:06-08:00,1,23
style.css,315,css,2d4c5964,kagastyaraju,2025-02-07,14:11:06,-08:00,2025-02-07T14:11:06-08:00,0,0
style.css,316,css,2d4c5964,kagastyaraju,2025-02-07,14:11:06,-08:00,2025-02-07T14:11:06-08:00,0,0
style.css,317,css,2d4c5964,kagastyaraju,2025-02-07,14:11:06,-08:00,2025-02-07T14:11:06-08:00,0,20
style.css,318,css,2d4c5964,kagastyaraju,2025-02-07,14:11:06,-08:00,2025-02-07T14:11:06-08:00,0,10
style.css,319,css,2d4c5964,kagastyaraju,2025-02-07,14:11:06,-08:00,2025-02-07T14:11:06-08:00,1,11
style.css,320,css,2d4c5964,kagastyaraju,2025-02-07,14:11:06,-08:00,2025-02-07T14:11:06-08:00,1,12
style.css,321,css,2d4c5964,kagastyaraju,2025-02-07,14:11:06,-08:00,2025-02-07T14:11:06-08:00,1,16
style.css,322,css,2d4c5964,kagastyaraju,2025-02-07,14:11:06,-08:00,2025-02-07T14:11:06-08:00,0,0
style.css,323,css,2d4c5964,kagastyaraju,2025-02-07,14:11:06,-08:00,2025-02-07T14:11:06-08:00,0,0
style.css,324,css,2d4c5964,kagastyaraju,2025-02-07,14:11:06,-08:00,2025-02-07T14:11:06-08:00,0,24
style.css,325,css,2d4c5964,kagastyaraju,2025-02-07,14:11:06,-08:00,2025-02-07T14:11:06-08:00,0,13
style.css,326,css,2d4c5964,kagastyaraju,2025-02-07,14:11:06,-08:00,2025-02-07T14:11:06-08:00,1,9
style.css,327,css,2d4c5964,kagastyaraju,2025-02-07,14:11:06,-08:00,2025-02-07T14:11:06-08:00,1,15
style.css,328,css,2d4c5964,kagastyaraju,2025-02-07,14:11:06,-08:00,2025-02-07T14:11:06-08:00,1,14
style.css,329,css,2d4c5964,kagastyaraju,2025-02-07,14:11:06,-08:00,2025-02-07T14:11:06-08:00,1,16
style.css,330,css,2d4c5964,kagastyaraju,2025-02-07,14:11:06,-08:00,2025-02-07T14:11:06-08:00,1,13
style.css,331,css,2d4c5964,kagastyaraju,2025-02-07,14:11:06,-08:00,2025-02-07T14:11:06-08:00,1,21
style.css,332,css,2d4c5964,kagastyaraju,2025-02-07,14:11:06,-08:00,2025-02-07T14:11:06-08:00,1,18
style.css,333,css,2d4c5964,kagastyaraju,2025-02-07,14:11:06,-08:00,2025-02-07T14:11:06-08:00,1,14
style.css,334,css,2d4c5964,kagastyaraju,2025-02-07,14:11:06,-08:00,2025-02-07T14:11:06-08:00,0,0
style.css,335,css,2d4c5964,kagastyaraju,2025-02-07,14:11:06,-08:00,2025-02-07T14:11:06-08:00,0,0
style.css,336,css,2d4c5964,kagastyaraju,2025-02-07,14:11:06,-08:00,2025-02-07T14:11:06-08:00,0,18
style.css,337,css,2d4c5964,kagastyaraju,2025-02-07,14:11:06,-08:00,2025-02-07T14:11:06-08:00,0,7
style.css,338,css,2d4c5964,kagastyaraju,2025-02-07,14:11:06,-08:00,2025-02-07T14:11:06-08:00,1,12
style.css,339,css,2d4c5964,kagastyaraju,2025-02-07,14:11:06,-08:00,2025-02-07T14:11:06-08:00,1,14
style.css,340,css,2d4c5964,kagastyaraju,2025-02-07,14:11:06,-08:00,2025-02-07T14:11:06-08:00,1,8
style.css,341,css,2d4c5964,kagastyaraju,2025-02-07,14:11:06,-08:00,2025-02-07T14:11:06-08:00,1,22
style.css,342,css,2d4c5964,kagastyaraju,2025-02-07,14:11:06,-08:00,2025-02-07T14:11:06-08:00,1,9
style.css,343,css,2d4c5964,kagastyaraju,2025-02-07,14:11:06,-08:00,2025-02-07T14:11:06-08:00,0,0
style.css,344,css,2d4c5964,kagastyaraju,2025-02-07,14:11:06,-08:00,2025-02-07T14:11:06-08:00,0,0
style.css,345,css,2d4c5964,kagastyaraju,2025-02-07,14:11:06,-08:00,2025-02-07T14:11:06-08:00,0,10
style.css,346,css,2d4c5964,kagastyaraju,2025-02-07,14:11:06,-08:00,2025-02-07T14:11:06-08:00,1,12
style.css,347,css,2d4c5964,kagastyaraju,2025-02-07,14:11:06,-08:00,2025-02-07T14:11:06-08:00,1,18
style.css,348,css,2d4c5964,kagastyaraju,2025-02-07,14:11:06,-08:00,2025-02-07T14:11:06-08:00,1,10
style.css,349,css,2d4c5964,kagastyaraju,2025-02-07,14:11:06,-08:00,2025-02-07T14:11:06-08:00,1,22
style.css,350,css,2d4c5964,kagastyaraju,2025-02-07,14:11:06,-08:00,2025-02-07T14:11:06-08:00,1,18
style.css,351,css,2d4c5964,kagastyaraju,2025-02-07,14:11:06,-08:00,2025-02-07T14:11:06-08:00,1,17
style.css,352,css,2d4c5964,kagastyaraju,2025-02-07,14:11:06,-08:00,2025-02-07T14:11:06-08:00,1,14
style.css,353,css,2d4c5964,kagastyaraju,2025-02-07,14:11:06,-08:00,2025-02-07T14:11:06-08:00,0,0
style.css,354,css,2d4c5964,kagastyaraju,2025-02-07,14:11:06,-08:00,2025-02-07T14:11:06-08:00,0,0
style.css,355,css,659092fa,kagastyaraju,2025-02-07,14:22:20,-08:00,2025-02-07T14:22:20-08:00,0,7
style.css,356,css,659092fa,kagastyaraju,2025-02-07,14:22:20,-08:00,2025-02-07T14:22:20-08:00,1,10
style.css,357,css,659092fa,kagastyaraju,2025-02-07,14:22:20,-08:00,2025-02-07T14:22:20-08:00,1,11
style.css,358,css,659092fa,kagastyaraju,2025-02-07,14:22:20,-08:00,2025-02-07T14:22:20-08:00,1,17
style.css,359,css,659092fa,kagastyaraju,2025-02-07,14:22:20,-08:00,2025-02-07T14:22:20-08:00,0,0
style.css,360,css,659092fa,kagastyaraju,2025-02-07,14:22:20,-08:00,2025-02-07T14:22:20-08:00,0,0
style.css,361,css,659092fa,kagastyaraju,2025-02-07,14:22:20,-08:00,2025-02-07T14:22:20-08:00,0,0
style.css,362,css,659092fa,kagastyaraju,2025-02-07,14:22:20,-08:00,2025-02-07T14:22:20-08:00,0,16
style.css,363,css,659092fa,kagastyaraju,2025-02-07,14:22:20,-08:00,2025-02-07T14:22:20-08:00,0,21
style.css,364,css,659092fa,kagastyaraju,2025-02-07,14:22:20,-08:00,2025-02-07T14:22:20-08:00,0,10
style.css,365,css,659092fa,kagastyaraju,2025-02-07,14:22:20,-08:00,2025-02-07T14:22:20-08:00,1,11
style.css,366,css,659092fa,kagastyaraju,2025-02-07,14:22:20,-08:00,2025-02-07T14:22:20-08:00,1,12
style.css,367,css,659092fa,kagastyaraju,2025-02-07,14:22:20,-08:00,2025-02-07T14:22:20-08:00,1,16
style.css,368,css,659092fa,kagastyaraju,2025-02-07,14:22:20,-08:00,2025-02-07T14:22:20-08:00,0,0
style.css,369,css,659092fa,kagastyaraju,2025-02-07,14:22:20,-08:00,2025-02-07T14:22:20-08:00,0,0
style.css,370,css,659092fa,kagastyaraju,2025-02-07,14:22:20,-08:00,2025-02-07T14:22:20-08:00,0,24
style.css,371,css,659092fa,kagastyaraju,2025-02-07,14:22:20,-08:00,2025-02-07T14:22:20-08:00,0,13
style.css,372,css,659092fa,kagastyaraju,2025-02-07,14:22:20,-08:00,2025-02-07T14:22:20-08:00,1,9
style.css,373,css,659092fa,kagastyaraju,2025-02-07,14:22:20,-08:00,2025-02-07T14:22:20-08:00,1,15
style.css,374,css,659092fa,kagastyaraju,2025-02-07,14:22:20,-08:00,2025-02-07T14:22:20-08:00,1,14
style.css,375,css,659092fa,kagastyaraju,2025-02-07,14:22:20,-08:00,2025-02-07T14:22:20-08:00,1,16
style.css,376,css,659092fa,kagastyaraju,2025-02-07,14:22:20,-08:00,2025-02-07T14:22:20-08:00,1,13
style.css,377,css,659092fa,kagastyaraju,2025-02-07,14:22:20,-08:00,2025-02-07T14:22:20-08:00,1,21
style.css,378,css,659092fa,kagastyaraju,2025-02-07,14:22:20,-08:00,2025-02-07T14:22:20-08:00,1,18
style.css,379,css,659092fa,kagastyaraju,2025-02-07,14:22:20,-08:00,2025-02-07T14:22:20-08:00,1,14
style.css,380,css,659092fa,kagastyaraju,2025-02-07,14:22:20,-08:00,2025-02-07T14:22:20-08:00,0,0
style.css,381,css,659092fa,kagastyaraju,2025-02-07,14:22:20,-08:00,2025-02-07T14:22:20-08:00,0,0
style.css,382,css,659092fa,kagastyaraju,2025-02-07,14:22:20,-08:00,2025-02-07T14:22:20-08:00,0,18
style.css,383,css,659092fa,kagastyaraju,2025-02-07,14:22:20,-08:00,2025-02-07T14:22:20-08:00,0,7
style.css,384,css,659092fa,kagastyaraju,2025-02-07,14:22:20,-08:00,2025-02-07T14:22:20-08:00,1,12
style.css,385,css,659092fa,kagastyaraju,2025-02-07,14:22:20,-08:00,2025-02-07T14:22:20-08:00,1,14
style.css,386,css,659092fa,kagastyaraju,2025-02-07,14:22:20,-08:00,2025-02-07T14:22:20-08:00,1,8
style.css,387,css,659092fa,kagastyaraju,2025-02-07,14:22:20,-08:00,2025-02-07T14:22:20-08:00,1,22
style.css,388,css,659092fa,kagastyaraju,2025-02-07,14:22:20,-08:00,2025-02-07T14:22:20-08:00,1,9
style.css,389,css,659092fa,kagastyaraju,2025-02-07,14:22:20,-08:00,2025-02-07T14:22:20-08:00,1,15
style.css,390,css,659092fa,kagastyaraju,2025-02-07,14:22:20,-08:00,2025-02-07T14:22:20-08:00,0,0
style.css,391,css,659092fa,kagastyaraju,2025-02-07,14:22:20,-08:00,2025-02-07T14:22:20-08:00,0,0
style.css,392,css,659092fa,kagastyaraju,2025-02-07,14:22:20,-08:00,2025-02-07T14:22:20-08:00,0,10
style.css,393,css,659092fa,kagastyaraju,2025-02-07,14:22:20,-08:00,2025-02-07T14:22:20-08:00,1,12
style.css,394,css,659092fa,kagastyaraju,2025-02-07,14:22:20,-08:00,2025-02-07T14:22:20-08:00,1,18
style.css,395,css,659092fa,kagastyaraju,2025-02-07,14:22:20,-08:00,2025-02-07T14:22:20-08:00,1,10
style.css,396,css,659092fa,kagastyaraju,2025-02-07,14:22:20,-08:00,2025-02-07T14:22:20-08:00,1,14
style.css,397,css,659092fa,kagastyaraju,2025-02-07,14:22:20,-08:00,2025-02-07T14:22:20-08:00,1,18
style.css,398,css,659092fa,kagastyaraju,2025-02-07,14:22:20,-08:00,2025-02-07T14:22:20-08:00,1,17
style.css,399,css,659092fa,kagastyaraju,2025-02-07,14:22:20,-08:00,2025-02-07T14:22:20-08:00,1,14
style.css,400,css,659092fa,kagastyaraju,2025-02-07,14:22:20,-08:00,2025-02-07T14:22:20-08:00,0,0
style.css,401,css,659092fa,kagastyaraju,2025-02-07,14:22:20,-08:00,2025-02-07T14:22:20-08:00,0,0
style.css,402,css,2d4c5964,kagastyaraju,2025-02-07,14:11:06,-08:00,2025-02-07T14:11:06-08:00,0,7
style.css,403,css,2d4c5964,kagastyaraju,2025-02-07,14:11:06,-08:00,2025-02-07T14:11:06-08:00,1,10
style.css,404,css,2d4c5964,kagastyaraju,2025-02-07,14:11:06,-08:00,2025-02-07T14:11:06-08:00,1,11
style.css,405,css,2d4c5964,kagastyaraju,2025-02-07,14:11:06,-08:00,2025-02-07T14:11:06-08:00,1,17
style.css,406,css,2d4c5964,kagastyaraju,2025-02-07,14:11:06,-08:00,2025-02-07T14:11:06-08:00,0,0
index.js,1,js,3ae8b84b,kagastyaraju,2025-02-01,14:23:11,-08:00,2025-02-01T14:23:11-08:00,0,9
index.js,2,js,1b1c931c,kagastyaraju,2025-02-01,13:59:49,-08:00,2025-02-01T13:59:49-08:00,0,0
index.js,3,js,1b1c931c,kagastyaraju,2025-02-01,13:59:49,-08:00,2025-02-01T13:59:49-08:00,0,0
index.js,4,js,3ae8b84b,kagastyaraju,2025-02-01,14:23:11,-08:00,2025-02-01T14:23:11-08:00,0,71
index.js,5,js,1b1c931c,kagastyaraju,2025-02-01,13:59:49,-08:00,2025-02-01T13:59:49-08:00,0,0
index.js,6,js,3ae8b84b,kagastyaraju,2025-02-01,14:23:11,-08:00,2025-02-01T14:23:11-08:00,0,57
index.js,7,js,3ae8b84b,kagastyaraju,2025-02-01,14:23:11,-08:00,2025-02-01T14:23:11-08:00,2,3
index.js,8,js,3ae8b84b,kagastyaraju,2025-02-01,14:23:11,-08:00,2025-02-01T14:23:11-08:00,3,54
index.js,9,js,3ae8b84b,kagastyaraju,2025-02-01,14:23:11,-08:00,2025-02-01T14:23:11-08:00,3,42
index.js,10,js,3ae8b84b,kagastyaraju,2025-02-01,14:23:11,-08:00,2025-02-01T14:23:11-08:00,3,52
index.js,11,js,3ae8b84b,kagastyaraju,2025-02-01,14:23:11,-08:00,2025-02-01T14:23:11-08:00,3,46
index.js,12,js,3ae8b84b,kagastyaraju,2025-02-01,14:23:11,-08:00,2025-02-01T14:23:11-08:00,1,0
index.js,13,js,3ae8b84b,kagastyaraju,2025-02-01,14:23:11,-08:00,2025-02-01T14:23:11-08:00,3,12
index.js,14,js,3ae8b84b,kagastyaraju,2025-02-01,14:23:11,-08:00,2025-02-01T14:23:11-08:00,3,71
index.js,15,js,3ae8b84b,kagastyaraju,2025-02-01,14:23:11,-08:00,2025-02-01T14:23:11-08:00,3,60
index.js,16,js,3ae8b84b,kagastyaraju,2025-02-01,14:23:11,-08:00,2025-02-01T14:23:11-08:00,3,17
index.js,17,js,3ae8b84b,kagastyaraju,2025-02-01,14:23:11,-08:00,2025-02-01T14:23:11-08:00,4,25
index.js,18,js,3ae8b84b,kagastyaraju,2025-02-01,14:23:11,-08:00,2025-02-01T14:23:11-08:00,5,2
index.js,19,js,3ae8b84b,kagastyaraju,2025-02-01,14:23:11,-08:00,2025-02-01T14:23:11-08:00,6,48
index.js,20,js,3ae8b84b,kagastyaraju,2025-02-01,14:23:11,-08:00,2025-02-01T14:23:11-08:00,6,49
index.js,21,js,3ae8b84b,kagastyaraju,2025-02-01,14:23:11,-08:00,2025-02-01T14:23:11-08:00,5,3
index.js,22,js,3ae8b84b,kagastyaraju,2025-02-01,14:23:11,-08:00,2025-02-01T14:23:11-08:00,4,0
index.js,23,js,3ae8b84b,kagastyaraju,2025-02-01,14:23:11,-08:00,2025-02-01T14:23:11-08:00,3,0
index.js,24,js,3ae8b84b,kagastyaraju,2025-02-01,14:23:11,-08:00,2025-02-01T14:23:11-08:00,2,15
index.js,25,js,3ae8b84b,kagastyaraju,2025-02-01,14:23:11,-08:00,2025-02-01T14:23:11-08:00,3,29
index.js,26,js,3ae8b84b,kagastyaraju,2025-02-01,14:23:11,-08:00,2025-02-01T14:23:11-08:00,2,0
index.js,27,js,3ae8b84b,kagastyaraju,2025-02-01,14:23:11,-08:00,2025-02-01T14:23:11-08:00,1,1
index.js,28,js,1b1c931c,kagastyaraju,2025-02-01,13:59:49,-08:00,2025-02-01T13:59:49-08:00,0,0
index.html,1,html,98ab2567,kagastyaraju,2025-01-08,14:22:32,-08:00,2025-01-08T14:22:32-08:00,0,13
index.html,2,html,797fddd6,kagastyaraju,2025-01-23,23:28:05,-08:00,2025-01-23T23:28:05-08:00,0,27
index.html,3,html,98ab2567,kagastyaraju,2025-01-08,14:22:32,-08:00,2025-01-08T14:22:32-08:00,0,4
index.html,4,html,98ab2567,kagastyaraju,2025-01-08,14:22:32,-08:00,2025-01-08T14:22:32-08:00,2,20
index.html,5,html,98ab2567,kagastyaraju,2025-01-08,14:22:32,-08:00,2025-01-08T14:22:32-08:00,2,68
index.html,6,html,5e840c64,kagastyaraju,2025-01-10,16:42:08,-08:00,2025-01-10T16:42:08-08:00,2,38
index.html,7,html,5e840c64,kagastyaraju,2025-01-10,16:42:08,-08:00,2025-01-10T16:42:08-08:00,2,61
index.html,8,html,98ab2567,kagastyaraju,2025-01-08,14:22:32,-08:00,2025-01-08T14:22:32-08:00,0,5
index.html,9,html,e06986cf,kagastyaraju,2025-01-17,16:59:37,-08:00,2025-01-17T16:59:37-08:00,0,0
index.html,10,html,98ab2567,kagastyaraju,2025-01-08,14:22:32,-08:00,2025-01-08T14:22:32-08:00,0,4
index.html,11,html,5e840c64,kagastyaraju,2025-01-10,16:42:08,-08:00,2025-01-10T16:42:08-08:00,2,6
index.html,12,html,5e840c64,kagastyaraju,2025-01-10,16:42:08,-08:00,2025-01-10T16:42:08-08:00,4,26
index.html,13,html,5e840c64,kagastyaraju,2025-01-10,16:42:08,-08:00,2025-01-10T16:42:08-08:00,4,168
index.html,14,html,5e840c64,kagastyaraju,2025-01-10,16:42:08,-08:00,2025-01-10T16:42:08-08:00,4,195
index.html,15,html,5e840c64,kagastyaraju,2025-01-10,16:42:08,-08:00,2025-01-10T16:42:08-08:00,2,7
index.html,16,html,5e840c64,kagastyaraju,2025-01-10,16:42:08,-08:00,2025-01-10T16:42:08-08:00,0,0
index.html,17,html,5e840c64,kagastyaraju,2025-01-10,16:42:08,-08:00,2025-01-10T16:42:08-08:00,2,4
index.html,18,html,5e840c64,kagastyaraju,2025-01-10,16:42:08,-08:00,2025-01-10T16:42:08-08:00,4,5
index.html,19,html,5e840c64,kagastyaraju,2025-01-10,16:42:08,-08:00,2025-01-10T16:42:08-08:00,2,5
index.html,20,html,d9cf8b35,kagastyaraju,2025-01-23,22:51:29,-08:00,2025-01-23T22:51:29-08:00,0,0
index.html,21,html,d9cf8b35,kagastyaraju,2025-01-23,22:51:29,-08:00,2025-01-23T22:51:29-08:00,2,45
index.html,22,html,d9cf8b35,kagastyaraju,2025-01-23,22:51:29,-08:00,2025-01-23T22:51:29-08:00,0,0
index.html,23,html,1b1c931c,kagastyaraju,2025-02-01,13:59:49,-08:00,2025-02-01T13:59:49-08:00,2,22
index.html,24,html,1b1c931c,kagastyaraju,2025-02-01,13:59:49,-08:00,2025-02-01T13:59:49-08:00,2,26
index.html,25,html,15dde84c,kagastyaraju,2025-02-01,14:41:00,-08:00,2025-02-01T14:41:00-08:00,2,50
index.html,26,html,1b1c931c,kagastyaraju,2025-02-01,13:59:49,-08:00,2025-02-01T13:59:49-08:00,0,0
index.html,27,html,28b6caef,kagastyaraju,2025-02-01,16:48:08,-08:00,2025-02-01T16:48:08-08:00,2,20
index.html,28,html,28b6caef,kagastyaraju,2025-02-01,16:48:08,-08:00,2025-02-01T16:48:08-08:00,0,22
index.html,29,html,28b6caef,kagastyaraju,2025-02-01,16:48:08,-08:00,2025-02-01T16:48:08-08:00,2,19
index.html,30,html,28b6caef,kagastyaraju,2025-02-01,16:48:08,-08:00,2025-02-01T16:48:08-08:00,2,22
index.html,31,html,28b6caef,kagastyaraju,2025-02-01,16:48:08,-08:00,2025-02-01T16:48:08-08:00,3,36
index.html,32,html,28b6caef,kagastyaraju,2025-02-01,16:48:08,-08:00,2025-02-01T16:48:08-08:00,2,4
index.html,33,html,28b6caef,kagastyaraju,2025-02-01,16:48:08,-08:00,2025-02-01T16:48:08-08:00,1,4
index.html,34,html,1b1c931c,kagastyaraju,2025-02-01,13:59:49,-08:00,2025-02-01T13:59:49-08:00,0,0
index.html,35,html,98ab2567,kagastyaraju,2025-01-08,14:22:32,-08:00,2025-01-08T14:22:32-08:00,0,5
index.html,36,html,5e840c64,kagastyaraju,2025-01-10,16:42:08,-08:00,2025-01-10T16:42:08-08:00,0,5
index.html,37,html,1b1c931c,kagastyaraju,2025-02-01,13:59:49,-08:00,2025-02-01T13:59:49-08:00,0,0
global.js,1,js,797fddd6,kagastyaraju,2025-01-23,23:28:05,-08:00,2025-01-23T23:28:05-08:00,0,25
global.js,2,js,7b4e8f56,kagastyaraju,2025-01-23,22:18:43,-08:00,2025-01-23T22:18:43-08:00,0,0
global.js,3,js,acfa977e,kagastyaraju,2025-01-24,01:42:24,-08:00,2025-01-24T01:42:24-08:00,0,41
global.js,4,js,acfa977e,kagastyaraju,2025-01-24,01:42:24,-08:00,2025-01-24T01:42:24-08:00,1,52
global.js,5,js,acfa977e,kagastyaraju,2025-01-24,01:42:24,-08:00,2025-01-24T01:42:24-08:00,0,0
global.js,6,js,acfa977e,kagastyaraju,2025-01-24,01:42:24,-08:00,2025-01-24T01:42:24-08:00,0,0
global.js,7,js,797fddd6,kagastyaraju,2025-01-23,23:28:05,-08:00,2025-01-23T23:28:05-08:00,0,13
global.js,8,js,9cb61f4d,kagastyaraju,2025-01-24,01:56:55,-08:00,2025-01-24T01:56:55-08:00,1,25
global.js,9,js,9cb61f4d,kagastyaraju,2025-01-24,01:56:55,-08:00,2025-01-24T01:56:55-08:00,1,38
global.js,10,js,9cb61f4d,kagastyaraju,2025-01-24,01:56:55,-08:00,2025-01-24T01:56:55-08:00,1,36
global.js,11,js,dee34d16,kagastyaraju,2025-01-24,13:29:14,-08:00,2025-01-24T13:29:14-08:00,1,34
global.js,12,js,797fddd6,kagastyaraju,2025-01-23,23:28:05,-08:00,2025-01-23T23:28:05-08:00,1,58
global.js,13,js,797fddd6,kagastyaraju,2025-01-23,23:28:05,-08:00,2025-01-23T23:28:05-08:00,0,0
global.js,14,js,797fddd6,kagastyaraju,2025-01-23,23:28:05,-08:00,2025-01-23T23:28:05-08:00,0,0
global.js,15,js,9cb61f4d,kagastyaraju,2025-01-24,01:56:55,-08:00,2025-01-24T01:56:55-08:00,0,70
global.js,16,js,797fddd6,kagastyaraju,2025-01-23,23:28:05,-08:00,2025-01-23T23:28:05-08:00,0,0
global.js,17,js,797fddd6,kagastyaraju,2025-01-23,23:28:05,-08:00,2025-01-23T23:28:05-08:00,0,38
global.js,18,js,797fddd6,kagastyaraju,2025-01-23,23:28:05,-08:00,2025-01-23T23:28:05-08:00,0,25
global.js,19,js,797fddd6,kagastyaraju,2025-01-23,23:28:05,-08:00,2025-01-23T23:28:05-08:00,0,0
global.js,20,js,797fddd6,kagastyaraju,2025-01-23,23:28:05,-08:00,2025-01-23T23:28:05-08:00,0,20
global.js,21,js,acfa977e,kagastyaraju,2025-01-24,01:42:24,-08:00,2025-01-24T01:42:24-08:00,1,74
global.js,22,js,797fddd6,kagastyaraju,2025-01-23,23:28:05,-08:00,2025-01-23T23:28:05-08:00,0,0
global.js,23,js,797fddd6,kagastyaraju,2025-01-23,23:28:05,-08:00,2025-01-23T23:28:05-08:00,1,34
global.js,24,js,797fddd6,kagastyaraju,2025-01-23,23:28:05,-08:00,2025-01-23T23:28:05-08:00,1,11
global.js,25,js,797fddd6,kagastyaraju,2025-01-23,23:28:05,-08:00,2025-01-23T23:28:05-08:00,1,22
global.js,26,js,797fddd6,kagastyaraju,2025-01-23,23:28:05,-08:00,2025-01-23T23:28:05-08:00,0,0
global.js,27,js,797fddd6,kagastyaraju,2025-01-23,23:28:05,-08:00,2025-01-23T23:28:05-08:00,1,17
global.js,28,js,797fddd6,kagastyaraju,2025-01-23,23:28:05,-08:00,2025-01-23T23:28:05-08:00,2,8
global.js,29,js,797fddd6,kagastyaraju,2025-01-23,23:28:05,-08:00,2025-01-23T23:28:05-08:00,2,58
global.js,30,js,797fddd6,kagastyaraju,2025-01-23,23:28:05,-08:00,2025-01-23T23:28:05-08:00,1,0
global.js,31,js,797fddd6,kagastyaraju,2025-01-23,23:28:05,-08:00,2025-01-23T23:28:05-08:00,0,0
global.js,32,js,797fddd6,kagastyaraju,2025-01-23,23:28:05,-08:00,2025-01-23T23:28:05-08:00,1,29
global.js,33,js,797fddd6,kagastyaraju,2025-01-23,23:28:05,-08:00,2025-01-23T23:28:05-08:00,2,18
global.js,34,js,797fddd6,kagastyaraju,2025-01-23,23:28:05,-08:00,2025-01-23T23:28:05-08:00,1,0
global.js,35,js,797fddd6,kagastyaraju,2025-01-23,23:28:05,-08:00,2025-01-23T23:28:05-08:00,0,0
global.js,36,js,797fddd6,kagastyaraju,2025-01-23,23:28:05,-08:00,2025-01-23T23:28:05-08:00,1,12
global.js,37,js,797fddd6,kagastyaraju,2025-01-23,23:28:05,-08:00,2025-01-23T23:28:05-08:00,0,0
global.js,38,js,10109c1d,kagastyaraju,2025-01-24,01:37:52,-08:00,2025-01-24T01:37:52-08:00,0,0
global.js,39,js,10109c1d,kagastyaraju,2025-01-24,01:37:52,-08:00,2025-01-24T01:37:52-08:00,0,31
global.js,40,js,10109c1d,kagastyaraju,2025-01-24,01:37:52,-08:00,2025-01-24T01:37:52-08:00,1,11
global.js,41,js,10109c1d,kagastyaraju,2025-01-24,01:37:52,-08:00,2025-01-24T01:37:52-08:00,1,0
global.js,42,js,9cb61f4d,kagastyaraju,2025-01-24,01:56:55,-08:00,2025-01-24T01:56:55-08:00,2,96
global.js,43,js,10109c1d,kagastyaraju,2025-01-24,01:37:52,-08:00,2025-01-24T01:37:52-08:00,3,4
global.js,44,js,9cb61f4d,kagastyaraju,2025-01-24,01:56:55,-08:00,2025-01-24T01:56:55-08:00,3,24
global.js,45,js,10109c1d,kagastyaraju,2025-01-24,01:37:52,-08:00,2025-01-24T01:37:52-08:00,4,43
global.js,46,js,10109c1d,kagastyaraju,2025-01-24,01:37:52,-08:00,2025-01-24T01:37:52-08:00,4,34
global.js,47,js,10109c1d,kagastyaraju,2025-01-24,01:37:52,-08:00,2025-01-24T01:37:52-08:00,4,32
global.js,48,js,10109c1d,kagastyaraju,2025-01-24,01:37:52,-08:00,2025-01-24T01:37:52-08:00,3,7
global.js,49,js,10109c1d,kagastyaraju,2025-01-24,01:37:52,-08:00,2025-01-24T01:37:52-08:00,2,7
global.js,50,js,10109c1d,kagastyaraju,2025-01-24,01:37:52,-08:00,2025-01-24T01:37:52-08:00,0,0
global.js,51,js,10109c1d,kagastyaraju,2025-01-24,01:37:52,-08:00,2025-01-24T01:37:52-08:00,0,0
global.js,52,js,10109c1d,kagastyaraju,2025-01-24,01:37:52,-08:00,2025-01-24T01:37:52-08:00,0,36
global.js,53,js,10109c1d,kagastyaraju,2025-01-24,01:37:52,-08:00,2025-01-24T01:37:52-08:00,0,53
global.js,54,js,10109c1d,kagastyaraju,2025-01-24,01:37:52,-08:00,2025-01-24T01:37:52-08:00,0,0
global.js,55,js,10109c1d,kagastyaraju,2025-01-24,01:37:52,-08:00,2025-01-24T01:37:52-08:00,0,36
global.js,56,js,acfa977e,kagastyaraju,2025-01-24,01:42:24,-08:00,2025-01-24T01:42:24-08:00,1,74
global.js,57,js,acfa977e,kagastyaraju,2025-01-24,01:42:24,-08:00,2025-01-24T01:42:24-08:00,1,72
global.js,58,js,acfa977e,kagastyaraju,2025-01-24,01:42:24,-08:00,2025-01-24T01:42:24-08:00,1,44
global.js,59,js,10109c1d,kagastyaraju,2025-01-24,01:37:52,-08:00,2025-01-24T01:37:52-08:00,0,0
global.js,60,js,10109c1d,kagastyaraju,2025-01-24,01:37:52,-08:00,2025-01-24T01:37:52-08:00,0,0
global.js,61,js,10109c1d,kagastyaraju,2025-01-24,01:37:52,-08:00,2025-01-24T01:37:52-08:00,0,43
global.js,62,js,10109c1d,kagastyaraju,2025-01-24,01:37:52,-08:00,2025-01-24T01:37:52-08:00,1,33
global.js,63,js,10109c1d,kagastyaraju,2025-01-24,01:37:52,-08:00,2025-01-24T01:37:52-08:00,0,1
global.js,64,js,10109c1d,kagastyaraju,2025-01-24,01:37:52,-08:00,2025-01-24T01:37:52-08:00,0,0
global.js,65,js,10109c1d,kagastyaraju,2025-01-24,01:37:52,-08:00,2025-01-24T01:37:52-08:00,0,34
global.js,66,js,10109c1d,kagastyaraju,2025-01-24,01:37:52,-08:00,2025-01-24T01:37:52-08:00,1,39
global.js,67,js,10109c1d,kagastyaraju,2025-01-24,01:37:52,-08:00,2025-01-24T01:37:52-08:00,0,6
global.js,68,js,acfa977e,kagastyaraju,2025-01-24,01:42:24,-08:00,2025-01-24T01:42:24-08:00,1,51
global.js,69,js,10109c1d,kagastyaraju,2025-01-24,01:37:52,-08:00,2025-01-24T01:37:52-08:00,0,0
global.js,70,js,1b1c931c,kagastyaraju,2025-02-01,13:59:49,-08:00,2025-02-01T13:59:49-08:00,0,0
global.js,71,js,1b1c931c,kagastyaraju,2025-02-01,13:59:49,-08:00,2025-02-01T13:59:49-08:00,0,0
global.js,72,js,1b1c931c,kagastyaraju,2025-02-01,13:59:49,-08:00,2025-02-01T13:59:49-08:00,0,16
global.js,73,js,1b1c931c,kagastyaraju,2025-02-01,13:59:49,-08:00,2025-02-01T13:59:49-08:00,0,36
global.js,74,js,1b1c931c,kagastyaraju,2025-02-01,13:59:49,-08:00,2025-02-01T13:59:49-08:00,1,3
global.js,75,js,1b1c931c,kagastyaraju,2025-02-01,13:59:49,-08:00,2025-02-01T13:59:49-08:00,2,32
global.js,76,js,1b1c931c,kagastyaraju,2025-02-01,13:59:49,-08:00,2025-02-01T13:59:49-08:00,2,75
global.js,77,js,1b1c931c,kagastyaraju,2025-02-01,13:59:49,-08:00,2025-02-01T13:59:49-08:00,2,27
global.js,78,js,1b1c931c,kagastyaraju,2025-02-01,13:59:49,-08:00,2025-02-01T13:59:49-08:00,1,15
global.js,79,js,1b1c931c,kagastyaraju,2025-02-01,13:59:49,-08:00,2025-02-01T13:59:49-08:00,2,29
global.js,80,js,1b1c931c,kagastyaraju,2025-02-01,13:59:49,-08:00,2025-02-01T13:59:49-08:00,1,0
global.js,81,js,1b1c931c,kagastyaraju,2025-02-01,13:59:49,-08:00,2025-02-01T13:59:49-08:00,0,0
global.js,82,js,1b1c931c,kagastyaraju,2025-02-01,13:59:49,-08:00,2025-02-01T13:59:49-08:00,0,0
global.js,83,js,1b1c931c,kagastyaraju,2025-02-01,13:59:49,-08:00,2025-02-01T13:59:49-08:00,0,16
global.js,84,js,8c6e9538,kagastyaraju,2025-02-05,21:35:35,-08:00,2025-02-05T21:35:35-08:00,0,10
global.js,85,js,1b1c931c,kagastyaraju,2025-02-01,13:59:49,-08:00,2025-02-01T13:59:49-08:00,0,72
global.js,86,js,8c6e9538,kagastyaraju,2025-02-05,21:35:35,-08:00,2025-02-05T21:35:35-08:00,1,48
global.js,87,js,8c6e9538,kagastyaraju,2025-02-05,21:35:35,-08:00,2025-02-05T21:35:35-08:00,1,49
global.js,88,js,8c6e9538,kagastyaraju,2025-02-05,21:35:35,-08:00,2025-02-05T21:35:35-08:00,0,0
global.js,89,js,1b1c931c,kagastyaraju,2025-02-01,13:59:49,-08:00,2025-02-01T13:59:49-08:00,1,27
global.js,90,js,1b1c931c,kagastyaraju,2025-02-01,13:59:49,-08:00,2025-02-01T13:59:49-08:00,2,48
global.js,91,js,1b1c931c,kagastyaraju,2025-02-01,13:59:49,-08:00,2025-02-01T13:59:49-08:00,2,19
global.js,92,js,1b1c931c,kagastyaraju,2025-02-01,13:59:49,-08:00,2025-02-01T13:59:49-08:00,3,49
global.js,93,js,1b1c931c,kagastyaraju,2025-02-01,13:59:49,-08:00,2025-02-01T13:59:49-08:00,3,49
global.js,94,js,8c6e9538,kagastyaraju,2025-02-05,21:35:35,-08:00,2025-02-05T21:35:35-08:00,3,27
global.js,95,js,8c6e9538,kagastyaraju,2025-02-05,21:35:35,-08:00,2025-02-05T21:35:35-08:00,4,55
global.js,96,js,8c6e9538,kagastyaraju,2025-02-05,21:35:35,-08:00,2025-02-05T21:35:35-08:00,4,41
global.js,97,js,8c6e9538,kagastyaraju,2025-02-05,21:35:35,-08:00,2025-02-05T21:35:35-08:00,3,4
global.js,98,js,1b1c931c,kagastyaraju,2025-02-01,13:59:49,-08:00,2025-02-01T13:59:49-08:00,2,0
global.js,99,js,1b1c931c,kagastyaraju,2025-02-01,13:59:49,-08:00,2025-02-01T13:59:49-08:00,2,29
global.js,100,js,1b1c931c,kagastyaraju,2025-02-01,13:59:49,-08:00,2025-02-01T13:59:49-08:00,1,1
global.js,101,js,1b1c931c,kagastyaraju,2025-02-01,13:59:49,-08:00,2025-02-01T13:59:49-08:00,0,0
global.js,102,js,15dde84c,kagastyaraju,2025-02-01,14:41:00,-08:00,2025-02-01T14:41:00-08:00,0,0
global.js,103,js,8c6e9538,kagastyaraju,2025-02-05,21:35:35,-08:00,2025-02-05T21:35:35-08:00,0,0
global.js,104,js,28b6caef,kagastyaraju,2025-02-01,16:48:08,-08:00,2025-02-01T16:48:08-08:00,0,71
global.js,105,js,28b6caef,kagastyaraju,2025-02-01,16:48:08,-08:00,2025-02-01T16:48:08-08:00,1,83
global.js,106,js,15dde84c,kagastyaraju,2025-02-01,14:41:00,-08:00,2025-02-01T14:41:00-08:00,0,0
resume/index.html,1,html,5e840c64,kagastyaraju,2025-01-10,16:42:08,-08:00,2025-01-10T16:42:08-08:00,0,13
resume/index.html,2,html,5e840c64,kagastyaraju,2025-01-10,16:42:08,-08:00,2025-01-10T16:42:08-08:00,0,14
resume/index.html,3,html,5e840c64,kagastyaraju,2025-01-10,16:42:08,-08:00,2025-01-10T16:42:08-08:00,0,4
resume/index.html,4,html,5e840c64,kagastyaraju,2025-01-10,16:42:08,-08:00,2025-01-10T16:42:08-08:00,2,20
resume/index.html,5,html,5e840c64,kagastyaraju,2025-01-10,16:42:08,-08:00,2025-01-10T16:42:08-08:00,2,68
resume/index.html,6,html,5e840c64,kagastyaraju,2025-01-10,16:42:08,-08:00,2025-01-10T16:42:08-08:00,2,41
resume/index.html,7,html,14df41f6,kagastyaraju,2025-01-24,13:49:30,-08:00,2025-01-24T13:49:30-08:00,2,41
resume/index.html,8,html,5e840c64,kagastyaraju,2025-01-10,16:42:08,-08:00,2025-01-10T16:42:08-08:00,0,5
resume/index.html,9,html,5e840c64,kagastyaraju,2025-01-10,16:42:08,-08:00,2025-01-10T16:42:08-08:00,0,4
resume/index.html,10,html,5e840c64,kagastyaraju,2025-01-10,16:42:08,-08:00,2025-01-10T16:42:08-08:00,2,0
resume/index.html,11,html,797fddd6,kagastyaraju,2025-01-23,23:28:05,-08:00,2025-01-23T23:28:05-08:00,2,0
resume/index.html,12,html,5e840c64,kagastyaraju,2025-01-10,16:42:08,-08:00,2025-01-10T16:42:08-08:00,2,26
resume/index.html,13,html,5e840c64,kagastyaraju,2025-01-10,16:42:08,-08:00,2025-01-10T16:42:08-08:00,2,126
resume/index.html,14,html,5e840c64,kagastyaraju,2025-01-10,16:42:08,-08:00,2025-01-10T16:42:08-08:00,2,0
resume/index.html,15,html,5e840c64,kagastyaraju,2025-01-10,16:42:08,-08:00,2025-01-10T16:42:08-08:00,2,7
resume/index.html,16,html,5e840c64,kagastyaraju,2025-01-10,16:42:08,-08:00,2025-01-10T16:42:08-08:00,4,6
resume/index.html,17,html,5e840c64,kagastyaraju,2025-01-10,16:42:08,-08:00,2025-01-10T16:42:08-08:00,6,16
resume/index.html,18,html,5e840c64,kagastyaraju,2025-01-10,16:42:08,-08:00,2025-01-10T16:42:08-08:00,4,7
resume/index.html,19,html,5e840c64,kagastyaraju,2025-01-10,16:42:08,-08:00,2025-01-10T16:42:08-08:00,4,7
resume/index.html,20,html,5e840c64,kagastyaraju,2025-01-10,16:42:08,-08:00,2025-01-10T16:42:08-08:00,6,6
resume/index.html,21,html,5e840c64,kagastyaraju,2025-01-10,16:42:08,-08:00,2025-01-10T16:42:08-08:00,8,40
resume/index.html,22,html,5e840c64,kagastyaraju,2025-01-10,16:42:08,-08:00,2025-01-10T16:42:08-08:00,6,7
resume/index.html,23,html,5e840c64,kagastyaraju,2025-01-10,16:42:08,-08:00,2025-01-10T16:42:08-08:00,6,69
resume/index.html,24,html,5e840c64,kagastyaraju,2025-01-10,16:42:08,-08:00,2025-01-10T16:42:08-08:00,6,30
resume/index.html,25,html,5e840c64,kagastyaraju,2025-01-10,16:42:08,-08:00,2025-01-10T16:42:08-08:00,6,74
resume/index.html,26,html,5e840c64,kagastyaraju,2025-01-10,16:42:08,-08:00,2025-01-10T16:42:08-08:00,6,218
resume/index.html,27,html,5e840c64,kagastyaraju,2025-01-10,16:42:08,-08:00,2025-01-10T16:42:08-08:00,4,8
resume/index.html,28,html,5e840c64,kagastyaraju,2025-01-10,16:42:08,-08:00,2025-01-10T16:42:08-08:00,2,8
resume/index.html,29,html,5e840c64,kagastyaraju,2025-01-10,16:42:08,-08:00,2025-01-10T16:42:08-08:00,2,0
resume/index.html,30,html,5e840c64,kagastyaraju,2025-01-10,16:42:08,-08:00,2025-01-10T16:42:08-08:00,2,7
resume/index.html,31,html,5e840c64,kagastyaraju,2025-01-10,16:42:08,-08:00,2025-01-10T16:42:08-08:00,4,6
resume/index.html,32,html,5e840c64,kagastyaraju,2025-01-10,16:42:08,-08:00,2025-01-10T16:42:08-08:00,6,22
resume/index.html,33,html,5e840c64,kagastyaraju,2025-01-10,16:42:08,-08:00,2025-01-10T16:42:08-08:00,4,7
resume/index.html,34,html,5e840c64,kagastyaraju,2025-01-10,16:42:08,-08:00,2025-01-10T16:42:08-08:00,4,7
resume/index.html,35,html,5e840c64,kagastyaraju,2025-01-10,16:42:08,-08:00,2025-01-10T16:42:08-08:00,6,6
resume/index.html,36,html,5e840c64,kagastyaraju,2025-01-10,16:42:08,-08:00,2025-01-10T16:42:08-08:00,8,28
resume/index.html,37,html,5e840c64,kagastyaraju,2025-01-10,16:42:08,-08:00,2025-01-10T16:42:08-08:00,6,7
resume/index.html,38,html,5e840c64,kagastyaraju,2025-01-10,16:42:08,-08:00,2025-01-10T16:42:08-08:00,6,44
resume/index.html,39,html,5e840c64,kagastyaraju,2025-01-10,16:42:08,-08:00,2025-01-10T16:42:08-08:00,6,84
resume/index.html,40,html,5e840c64,kagastyaraju,2025-01-10,16:42:08,-08:00,2025-01-10T16:42:08-08:00,6,2
resume/index.html,41,html,5e840c64,kagastyaraju,2025-01-10,16:42:08,-08:00,2025-01-10T16:42:08-08:00,8,110
resume/index.html,42,html,5e840c64,kagastyaraju,2025-01-10,16:42:08,-08:00,2025-01-10T16:42:08-08:00,6,3
resume/index.html,43,html,5e840c64,kagastyaraju,2025-01-10,16:42:08,-08:00,2025-01-10T16:42:08-08:00,4,8
resume/index.html,44,html,5e840c64,kagastyaraju,2025-01-10,16:42:08,-08:00,2025-01-10T16:42:08-08:00,4,7
resume/index.html,45,html,5e840c64,kagastyaraju,2025-01-10,16:42:08,-08:00,2025-01-10T16:42:08-08:00,6,6
resume/index.html,46,html,5e840c64,kagastyaraju,2025-01-10,16:42:08,-08:00,2025-01-10T16:42:08-08:00,8,33
resume/index.html,47,html,5e840c64,kagastyaraju,2025-01-10,16:42:08,-08:00,2025-01-10T16:42:08-08:00,6,7
resume/index.html,48,html,5e840c64,kagastyaraju,2025-01-10,16:42:08,-08:00,2025-01-10T16:42:08-08:00,6,43
resume/index.html,49,html,5e840c64,kagastyaraju,2025-01-10,16:42:08,-08:00,2025-01-10T16:42:08-08:00,6,80
resume/index.html,50,html,5e840c64,kagastyaraju,2025-01-10,16:42:08,-08:00,2025-01-10T16:42:08-08:00,6,2
resume/index.html,51,html,5e840c64,kagastyaraju,2025-01-10,16:42:08,-08:00,2025-01-10T16:42:08-08:00,8,91
resume/index.html,52,html,5e840c64,kagastyaraju,2025-01-10,16:42:08,-08:00,2025-01-10T16:42:08-08:00,8,80
resume/index.html,53,html,5e840c64,kagastyaraju,2025-01-10,16:42:08,-08:00,2025-01-10T16:42:08-08:00,6,3
resume/index.html,54,html,5e840c64,kagastyaraju,2025-01-10,16:42:08,-08:00,2025-01-10T16:42:08-08:00,4,8
resume/index.html,55,html,5e840c64,kagastyaraju,2025-01-10,16:42:08,-08:00,2025-01-10T16:42:08-08:00,2,8
resume/index.html,56,html,5e840c64,kagastyaraju,2025-01-10,16:42:08,-08:00,2025-01-10T16:42:08-08:00,2,0
resume/index.html,57,html,5e840c64,kagastyaraju,2025-01-10,16:42:08,-08:00,2025-01-10T16:42:08-08:00,2,7
resume/index.html,58,html,5e840c64,kagastyaraju,2025-01-10,16:42:08,-08:00,2025-01-10T16:42:08-08:00,4,6
resume/index.html,59,html,5e840c64,kagastyaraju,2025-01-10,16:42:08,-08:00,2025-01-10T16:42:08-08:00,6,41
resume/index.html,60,html,5e840c64,kagastyaraju,2025-01-10,16:42:08,-08:00,2025-01-10T16:42:08-08:00,4,7
resume/index.html,61,html,5e840c64,kagastyaraju,2025-01-10,16:42:08,-08:00,2025-01-10T16:42:08-08:00,4,7
resume/index.html,62,html,5e840c64,kagastyaraju,2025-01-10,16:42:08,-08:00,2025-01-10T16:42:08-08:00,6,6
resume/index.html,63,html,5e840c64,kagastyaraju,2025-01-10,16:42:08,-08:00,2025-01-10T16:42:08-08:00,8,40
resume/index.html,64,html,5e840c64,kagastyaraju,2025-01-10,16:42:08,-08:00,2025-01-10T16:42:08-08:00,6,7
resume/index.html,65,html,5e840c64,kagastyaraju,2025-01-10,16:42:08,-08:00,2025-01-10T16:42:08-08:00,6,48
resume/index.html,66,html,5e840c64,kagastyaraju,2025-01-10,16:42:08,-08:00,2025-01-10T16:42:08-08:00,6,119
resume/index.html,67,html,5e840c64,kagastyaraju,2025-01-10,16:42:08,-08:00,2025-01-10T16:42:08-08:00,6,2
resume/index.html,68,html,5e840c64,kagastyaraju,2025-01-10,16:42:08,-08:00,2025-01-10T16:42:08-08:00,8,93
resume/index.html,69,html,5e840c64,kagastyaraju,2025-01-10,16:42:08,-08:00,2025-01-10T16:42:08-08:00,8,99
resume/index.html,70,html,5e840c64,kagastyaraju,2025-01-10,16:42:08,-08:00,2025-01-10T16:42:08-08:00,6,3
resume/index.html,71,html,5e840c64,kagastyaraju,2025-01-10,16:42:08,-08:00,2025-01-10T16:42:08-08:00,4,8
resume/index.html,72,html,5e840c64,kagastyaraju,2025-01-10,16:42:08,-08:00,2025-01-10T16:42:08-08:00,2,8
resume/index.html,73,html,5e840c64,kagastyaraju,2025-01-10,16:42:08,-08:00,2025-01-10T16:42:08-08:00,2,0
resume/index.html,74,html,5e840c64,kagastyaraju,2025-01-10,16:42:08,-08:00,2025-01-10T16:42:08-08:00,2,7
resume/index.html,75,html,5e840c64,kagastyaraju,2025-01-10,16:42:08,-08:00,2025-01-10T16:42:08-08:00,4,6
resume/index.html,76,html,5e840c64,kagastyaraju,2025-01-10,16:42:08,-08:00,2025-01-10T16:42:08-08:00,6,25
resume/index.html,77,html,5e840c64,kagastyaraju,2025-01-10,16:42:08,-08:00,2025-01-10T16:42:08-08:00,4,7
resume/index.html,78,html,5e840c64,kagastyaraju,2025-01-10,16:42:08,-08:00,2025-01-10T16:42:08-08:00,4,2
resume/index.html,79,html,5e840c64,kagastyaraju,2025-01-10,16:42:08,-08:00,2025-01-10T16:42:08-08:00,6,40
resume/index.html,80,html,5e840c64,kagastyaraju,2025-01-10,16:42:08,-08:00,2025-01-10T16:42:08-08:00,6,57
resume/index.html,81,html,5e840c64,kagastyaraju,2025-01-10,16:42:08,-08:00,2025-01-10T16:42:08-08:00,6,49
resume/index.html,82,html,5e840c64,kagastyaraju,2025-01-10,16:42:08,-08:00,2025-01-10T16:42:08-08:00,4,3
resume/index.html,83,html,5e840c64,kagastyaraju,2025-01-10,16:42:08,-08:00,2025-01-10T16:42:08-08:00,2,8
resume/index.html,84,html,d9cf8b35,kagastyaraju,2025-01-23,22:51:29,-08:00,2025-01-23T22:51:29-08:00,0,0
resume/index.html,85,html,28013f56,kagastyaraju,2025-01-24,13:17:01,-08:00,2025-01-24T13:17:01-08:00,2,48
resume/index.html,86,html,5e840c64,kagastyaraju,2025-01-10,16:42:08,-08:00,2025-01-10T16:42:08-08:00,0,5
resume/index.html,87,html,5e840c64,kagastyaraju,2025-01-10,16:42:08,-08:00,2025-01-10T16:42:08-08:00,0,5
resume/index.html,88,html,d9cf8b35,kagastyaraju,2025-01-23,22:51:29,-08:00,2025-01-23T22:51:29-08:00,0,0
projects/projects.js,1,js,0d7498be,kagastyaraju,2025-02-07,13:45:53,-08:00,2025-02-07T13:45:53-08:00,0,63
projects/projects.js,2,js,1b1c931c,kagastyaraju,2025-02-01,13:59:49,-08:00,2025-02-01T13:59:49-08:00,0,55
projects/projects.js,3,js,1b1c931c,kagastyaraju,2025-02-01,13:59:49,-08:00,2025-02-01T13:59:49-08:00,0,0
projects/projects.js,4,js,0d7498be,kagastyaraju,2025-02-07,13:45:53,-08:00,2025-02-07T13:45:53-08:00,0,19
projects/projects.js,5,js,0d7498be,kagastyaraju,2025-02-07,13:45:53,-08:00,2025-02-07T13:45:53-08:00,0,22
projects/projects.js,6,js,0d7498be,kagastyaraju,2025-02-07,13:45:53,-08:00,2025-02-07T13:45:53-08:00,0,19
projects/projects.js,7,js,0d7498be,kagastyaraju,2025-02-07,13:45:53,-08:00,2025-02-07T13:45:53-08:00,0,0
projects/projects.js,8,js,c4164bfb,kagastyaraju,2025-02-07,14:02:39,-08:00,2025-02-07T14:02:39-08:00,0,57
projects/projects.js,9,js,1b1c931c,kagastyaraju,2025-02-01,13:59:49,-08:00,2025-02-01T13:59:49-08:00,1,3
projects/projects.js,10,js,30d28055,kagastyaraju,2025-02-07,14:36:37,-08:00,2025-02-07T14:36:37-08:00,2,16
projects/projects.js,11,js,30d28055,kagastyaraju,2025-02-07,14:36:37,-08:00,2025-02-07T14:36:37-08:00,3,51
projects/projects.js,12,js,30d28055,kagastyaraju,2025-02-07,14:36:37,-08:00,2025-02-07T14:36:37-08:00,3,53
projects/projects.js,13,js,30d28055,kagastyaraju,2025-02-07,14:36:37,-08:00,2025-02-07T14:36:37-08:00,3,45
projects/projects.js,14,js,30d28055,kagastyaraju,2025-02-07,14:36:37,-08:00,2025-02-07T14:36:37-08:00,3,48
projects/projects.js,15,js,30d28055,kagastyaraju,2025-02-07,14:36:37,-08:00,2025-02-07T14:36:37-08:00,2,0
projects/projects.js,16,js,c4164bfb,kagastyaraju,2025-02-07,14:02:39,-08:00,2025-02-07T14:02:39-08:00,0,0
projects/projects.js,17,js,30d28055,kagastyaraju,2025-02-07,14:36:37,-08:00,2025-02-07T14:36:37-08:00,2,53
projects/projects.js,18,js,30d28055,kagastyaraju,2025-02-07,14:36:37,-08:00,2025-02-07T14:36:37-08:00,3,57
projects/projects.js,19,js,0d7498be,kagastyaraju,2025-02-07,13:45:53,-08:00,2025-02-07T13:45:53-08:00,2,1
projects/projects.js,20,js,c4164bfb,kagastyaraju,2025-02-07,14:02:39,-08:00,2025-02-07T14:02:39-08:00,0,0
projects/projects.js,21,js,30d28055,kagastyaraju,2025-02-07,14:36:37,-08:00,2025-02-07T14:36:37-08:00,2,52
projects/projects.js,22,js,30d28055,kagastyaraju,2025-02-07,14:36:37,-08:00,2025-02-07T14:36:37-08:00,2,32
projects/projects.js,23,js,30d28055,kagastyaraju,2025-02-07,14:36:37,-08:00,2025-02-07T14:36:37-08:00,0,0
projects/projects.js,24,js,1b1c931c,kagastyaraju,2025-02-01,13:59:49,-08:00,2025-02-01T13:59:49-08:00,1,15
projects/projects.js,25,js,30d28055,kagastyaraju,2025-02-07,14:36:37,-08:00,2025-02-07T14:36:37-08:00,2,31
projects/projects.js,26,js,1b1c931c,kagastyaraju,2025-02-01,13:59:49,-08:00,2025-02-01T13:59:49-08:00,1,0
projects/projects.js,27,js,c4164bfb,kagastyaraju,2025-02-07,14:02:39,-08:00,2025-02-07T14:02:39-08:00,0,1
projects/projects.js,28,js,0d7498be,kagastyaraju,2025-02-07,13:45:53,-08:00,2025-02-07T13:45:53-08:00,0,0
projects/projects.js,29,js,30d28055,kagastyaraju,2025-02-07,14:36:37,-08:00,2025-02-07T14:36:37-08:00,0,95
projects/projects.js,30,js,30d28055,kagastyaraju,2025-02-07,14:36:37,-08:00,2025-02-07T14:36:37-08:00,1,58
projects/projects.js,31,js,30d28055,kagastyaraju,2025-02-07,14:36:37,-08:00,2025-02-07T14:36:37-08:00,1,51
projects/projects.js,32,js,30d28055,kagastyaraju,2025-02-07,14:36:37,-08:00,2025-02-07T14:36:37-08:00,0,0
projects/projects.js,33,js,30d28055,kagastyaraju,2025-02-07,14:36:37,-08:00,2025-02-07T14:36:37-08:00,1,44
projects/projects.js,34,js,30d28055,kagastyaraju,2025-02-07,14:36:37,-08:00,2025-02-07T14:36:37-08:00,2,48
projects/projects.js,35,js,30d28055,kagastyaraju,2025-02-07,14:36:37,-08:00,2025-02-07T14:36:37-08:00,2,32
projects/projects.js,36,js,30d28055,kagastyaraju,2025-02-07,14:36:37,-08:00,2025-02-07T14:36:37-08:00,2,55
projects/projects.js,37,js,30d28055,kagastyaraju,2025-02-07,14:36:37,-08:00,2025-02-07T14:36:37-08:00,2,48
projects/projects.js,38,js,30d28055,kagastyaraju,2025-02-07,14:36:37,-08:00,2025-02-07T14:36:37-08:00,1,1
projects/projects.js,39,js,30d28055,kagastyaraju,2025-02-07,14:36:37,-08:00,2025-02-07T14:36:37-08:00,0,0
projects/projects.js,40,js,30d28055,kagastyaraju,2025-02-07,14:36:37,-08:00,2025-02-07T14:36:37-08:00,0,0
projects/projects.js,41,js,30d28055,kagastyaraju,2025-02-07,14:36:37,-08:00,2025-02-07T14:36:37-08:00,0,25
projects/projects.js,42,js,30d28055,kagastyaraju,2025-02-07,14:36:37,-08:00,2025-02-07T14:36:37-08:00,1,36
projects/projects.js,43,js,30d28055,kagastyaraju,2025-02-07,14:36:37,-08:00,2025-02-07T14:36:37-08:00,2,40
projects/projects.js,44,js,30d28055,kagastyaraju,2025-02-07,14:36:37,-08:00,2025-02-07T14:36:37-08:00,3,8
projects/projects.js,45,js,30d28055,kagastyaraju,2025-02-07,14:36:37,-08:00,2025-02-07T14:36:37-08:00,3,12
projects/projects.js,46,js,30d28055,kagastyaraju,2025-02-07,14:36:37,-08:00,2025-02-07T14:36:37-08:00,3,21
projects/projects.js,47,js,30d28055,kagastyaraju,2025-02-07,14:36:37,-08:00,2025-02-07T14:36:37-08:00,3,0
projects/projects.js,48,js,30d28055,kagastyaraju,2025-02-07,14:36:37,-08:00,2025-02-07T14:36:37-08:00,2,63
projects/projects.js,49,js,30d28055,kagastyaraju,2025-02-07,14:36:37,-08:00,2025-02-07T14:36:37-08:00,2,0
projects/projects.js,50,js,30d28055,kagastyaraju,2025-02-07,14:36:37,-08:00,2025-02-07T14:36:37-08:00,2,30
projects/projects.js,51,js,30d28055,kagastyaraju,2025-02-07,14:36:37,-08:00,2025-02-07T14:36:37-08:00,1,1
projects/projects.js,52,js,30d28055,kagastyaraju,2025-02-07,14:36:37,-08:00,2025-02-07T14:36:37-08:00,0,0
projects/projects.js,53,js,30d28055,kagastyaraju,2025-02-07,14:36:37,-08:00,2025-02-07T14:36:37-08:00,0,0
projects/projects.js,54,js,30d28055,kagastyaraju,2025-02-07,14:36:37,-08:00,2025-02-07T14:36:37-08:00,0,65
projects/projects.js,55,js,30d28055,kagastyaraju,2025-02-07,14:36:37,-08:00,2025-02-07T14:36:37-08:00,1,30
projects/projects.js,56,js,30d28055,kagastyaraju,2025-02-07,14:36:37,-08:00,2025-02-07T14:36:37-08:00,1,40
projects/projects.js,57,js,30d28055,kagastyaraju,2025-02-07,14:36:37,-08:00,2025-02-07T14:36:37-08:00,1,0
projects/projects.js,58,js,30d28055,kagastyaraju,2025-02-07,14:36:37,-08:00,2025-02-07T14:36:37-08:00,1,41
projects/projects.js,59,js,30d28055,kagastyaraju,2025-02-07,14:36:37,-08:00,2025-02-07T14:36:37-08:00,1,53
projects/projects.js,60,js,30d28055,kagastyaraju,2025-02-07,14:36:37,-08:00,2025-02-07T14:36:37-08:00,1,56
projects/projects.js,61,js,2d4c5964,kagastyaraju,2025-02-07,14:11:06,-08:00,2025-02-07T14:11:06-08:00,0,0
projects/projects.js,62,js,30d28055,kagastyaraju,2025-02-07,14:36:37,-08:00,2025-02-07T14:36:37-08:00,1,18
projects/projects.js,63,js,659092fa,kagastyaraju,2025-02-07,14:22:20,-08:00,2025-02-07T14:22:20-08:00,1,26
projects/projects.js,64,js,0d7498be,kagastyaraju,2025-02-07,13:45:53,-08:00,2025-02-07T13:45:53-08:00,2,7
projects/projects.js,65,js,0d7498be,kagastyaraju,2025-02-07,13:45:53,-08:00,2025-02-07T13:45:53-08:00,2,12
projects/projects.js,66,js,30d28055,kagastyaraju,2025-02-07,14:36:37,-08:00,2025-02-07T14:36:37-08:00,2,63
projects/projects.js,67,js,659092fa,kagastyaraju,2025-02-07,14:22:20,-08:00,2025-02-07T14:22:20-08:00,1,25
projects/projects.js,68,js,2d4c5964,kagastyaraju,2025-02-07,14:11:06,-08:00,2025-02-07T14:11:06-08:00,2,11
projects/projects.js,69,js,30d28055,kagastyaraju,2025-02-07,14:36:37,-08:00,2025-02-07T14:36:37-08:00,2,9
projects/projects.js,70,js,2d4c5964,kagastyaraju,2025-02-07,14:11:06,-08:00,2025-02-07T14:11:06-08:00,1,2
projects/projects.js,71,js,2d4c5964,kagastyaraju,2025-02-07,14:11:06,-08:00,2025-02-07T14:11:06-08:00,0,0
projects/projects.js,72,js,30d28055,kagastyaraju,2025-02-07,14:36:37,-08:00,2025-02-07T14:36:37-08:00,1,19
projects/projects.js,73,js,30d28055,kagastyaraju,2025-02-07,14:36:37,-08:00,2025-02-07T14:36:37-08:00,1,26
projects/projects.js,74,js,30d28055,kagastyaraju,2025-02-07,14:36:37,-08:00,2025-02-07T14:36:37-08:00,2,16
projects/projects.js,75,js,30d28055,kagastyaraju,2025-02-07,14:36:37,-08:00,2025-02-07T14:36:37-08:00,3,24
projects/projects.js,76,js,30d28055,kagastyaraju,2025-02-07,14:36:37,-08:00,2025-02-07T14:36:37-08:00,3,28
projects/projects.js,77,js,30d28055,kagastyaraju,2025-02-07,14:36:37,-08:00,2025-02-07T14:36:37-08:00,3,35
projects/projects.js,78,js,30d28055,kagastyaraju,2025-02-07,14:36:37,-08:00,2025-02-07T14:36:37-08:00,2,5
projects/projects.js,79,js,30d28055,kagastyaraju,2025-02-07,14:36:37,-08:00,2025-02-07T14:36:37-08:00,1,0
projects/projects.js,80,js,30d28055,kagastyaraju,2025-02-07,14:36:37,-08:00,2025-02-07T14:36:37-08:00,0,0
projects/projects.js,81,js,30d28055,kagastyaraju,2025-02-07,14:36:37,-08:00,2025-02-07T14:36:37-08:00,1,26
projects/projects.js,82,js,30d28055,kagastyaraju,2025-02-07,14:36:37,-08:00,2025-02-07T14:36:37-08:00,1,34
projects/projects.js,83,js,30d28055,kagastyaraju,2025-02-07,14:36:37,-08:00,2025-02-07T14:36:37-08:00,2,33
projects/projects.js,84,js,30d28055,kagastyaraju,2025-02-07,14:36:37,-08:00,2025-02-07T14:36:37-08:00,2,25
projects/projects.js,85,js,30d28055,kagastyaraju,2025-02-07,14:36:37,-08:00,2025-02-07T14:36:37-08:00,0,0
projects/projects.js,86,js,30d28055,kagastyaraju,2025-02-07,14:36:37,-08:00,2025-02-07T14:36:37-08:00,1,24
projects/projects.js,87,js,0d7498be,kagastyaraju,2025-02-07,13:45:53,-08:00,2025-02-07T13:45:53-08:00,1,39
projects/projects.js,88,js,0d7498be,kagastyaraju,2025-02-07,13:45:53,-08:00,2025-02-07T13:45:53-08:00,1,18
projects/projects.js,89,js,0d7498be,kagastyaraju,2025-02-07,13:45:53,-08:00,2025-02-07T13:45:53-08:00,2,13
projects/projects.js,90,js,30d28055,kagastyaraju,2025-02-07,14:36:37,-08:00,2025-02-07T14:36:37-08:00,2,14
projects/projects.js,91,js,30d28055,kagastyaraju,2025-02-07,14:36:37,-08:00,2025-02-07T14:36:37-08:00,2,32
projects/projects.js,92,js,30d28055,kagastyaraju,2025-02-07,14:36:37,-08:00,2025-02-07T14:36:37-08:00,2,45
projects/projects.js,93,js,0d7498be,kagastyaraju,2025-02-07,13:45:53,-08:00,2025-02-07T13:45:53-08:00,0,0
projects/projects.js,94,js,30d28055,kagastyaraju,2025-02-07,14:36:37,-08:00,2025-02-07T14:36:37-08:00,1,35
projects/projects.js,95,js,659092fa,kagastyaraju,2025-02-07,14:22:20,-08:00,2025-02-07T14:22:20-08:00,1,25
projects/projects.js,96,js,30d28055,kagastyaraju,2025-02-07,14:36:37,-08:00,2025-02-07T14:36:37-08:00,1,0
projects/projects.js,97,js,c4164bfb,kagastyaraju,2025-02-07,14:02:39,-08:00,2025-02-07T14:02:39-08:00,1,19
projects/projects.js,98,js,0d7498be,kagastyaraju,2025-02-07,13:45:53,-08:00,2025-02-07T13:45:53-08:00,2,9
projects/projects.js,99,js,30d28055,kagastyaraju,2025-02-07,14:36:37,-08:00,2025-02-07T14:36:37-08:00,2,4
projects/projects.js,100,js,30d28055,kagastyaraju,2025-02-07,14:36:37,-08:00,2025-02-07T14:36:37-08:00,3,27
projects/projects.js,101,js,30d28055,kagastyaraju,2025-02-07,14:36:37,-08:00,2025-02-07T14:36:37-08:00,4,13
projects/projects.js,102,js,30d28055,kagastyaraju,2025-02-07,14:36:37,-08:00,2025-02-07T14:36:37-08:00,4,42
projects/projects.js,103,js,30d28055,kagastyaraju,2025-02-07,14:36:37,-08:00,2025-02-07T14:36:37-08:00,4,17
projects/projects.js,104,js,30d28055,kagastyaraju,2025-02-07,14:36:37,-08:00,2025-02-07T14:36:37-08:00,4,66
projects/projects.js,105,js,30d28055,kagastyaraju,2025-02-07,14:36:37,-08:00,2025-02-07T14:36:37-08:00,3,14
projects/projects.js,106,js,30d28055,kagastyaraju,2025-02-07,14:36:37,-08:00,2025-02-07T14:36:37-08:00,4,47
projects/projects.js,107,js,30d28055,kagastyaraju,2025-02-07,14:36:37,-08:00,2025-02-07T14:36:37-08:00,5,13
projects/projects.js,108,js,30d28055,kagastyaraju,2025-02-07,14:36:37,-08:00,2025-02-07T14:36:37-08:00,5,42
projects/projects.js,109,js,30d28055,kagastyaraju,2025-02-07,14:36:37,-08:00,2025-02-07T14:36:37-08:00,4,0
projects/projects.js,110,js,30d28055,kagastyaraju,2025-02-07,14:36:37,-08:00,2025-02-07T14:36:37-08:00,3,10
projects/projects.js,111,js,30d28055,kagastyaraju,2025-02-07,14:36:37,-08:00,2025-02-07T14:36:37-08:00,4,72
projects/projects.js,112,js,30d28055,kagastyaraju,2025-02-07,14:36:37,-08:00,2025-02-07T14:36:37-08:00,2,0
projects/projects.js,113,js,30d28055,kagastyaraju,2025-02-07,14:36:37,-08:00,2025-02-07T14:36:37-08:00,2,57
projects/projects.js,114,js,0d7498be,kagastyaraju,2025-02-07,13:45:53,-08:00,2025-02-07T13:45:53-08:00,0,0
projects/projects.js,115,js,30d28055,kagastyaraju,2025-02-07,14:36:37,-08:00,2025-02-07T14:36:37-08:00,1,19
projects/projects.js,116,js,c4164bfb,kagastyaraju,2025-02-07,14:02:39,-08:00,2025-02-07T14:02:39-08:00,1,20
projects/projects.js,117,js,659092fa,kagastyaraju,2025-02-07,14:22:20,-08:00,2025-02-07T14:22:20-08:00,2,13
projects/projects.js,118,js,30d28055,kagastyaraju,2025-02-07,14:36:37,-08:00,2025-02-07T14:36:37-08:00,2,4
projects/projects.js,119,js,30d28055,kagastyaraju,2025-02-07,14:36:37,-08:00,2025-02-07T14:36:37-08:00,3,25
projects/projects.js,120,js,30d28055,kagastyaraju,2025-02-07,14:36:37,-08:00,2025-02-07T14:36:37-08:00,4,18
projects/projects.js,121,js,30d28055,kagastyaraju,2025-02-07,14:36:37,-08:00,2025-02-07T14:36:37-08:00,4,67
projects/projects.js,122,js,30d28055,kagastyaraju,2025-02-07,14:36:37,-08:00,2025-02-07T14:36:37-08:00,3,15
projects/projects.js,123,js,30d28055,kagastyaraju,2025-02-07,14:36:37,-08:00,2025-02-07T14:36:37-08:00,3,66
projects/projects.js,124,js,30d28055,kagastyaraju,2025-02-07,14:36:37,-08:00,2025-02-07T14:36:37-08:00,2,0
projects/projects.js,125,js,c4164bfb,kagastyaraju,2025-02-07,14:02:39,-08:00,2025-02-07T14:02:39-08:00,2,10
projects/projects.js,126,js,30d28055,kagastyaraju,2025-02-07,14:36:37,-08:00,2025-02-07T14:36:37-08:00,3,68
projects/projects.js,127,js,2d4c5964,kagastyaraju,2025-02-07,14:11:06,-08:00,2025-02-07T14:11:06-08:00,3,21
projects/projects.js,128,js,659092fa,kagastyaraju,2025-02-07,14:22:20,-08:00,2025-02-07T14:22:20-08:00,2,0
projects/projects.js,129,js,30d28055,kagastyaraju,2025-02-07,14:36:37,-08:00,2025-02-07T14:36:37-08:00,2,52
projects/projects.js,130,js,30d28055,kagastyaraju,2025-02-07,14:36:37,-08:00,2025-02-07T14:36:37-08:00,0,0
projects/projects.js,131,js,30d28055,kagastyaraju,2025-02-07,14:36:37,-08:00,2025-02-07T14:36:37-08:00,0,0
projects/projects.js,132,js,30d28055,kagastyaraju,2025-02-07,14:36:37,-08:00,2025-02-07T14:36:37-08:00,0,31
projects/projects.js,133,js,30d28055,kagastyaraju,2025-02-07,14:36:37,-08:00,2025-02-07T14:36:37-08:00,1,45
projects/projects.js,134,js,30d28055,kagastyaraju,2025-02-07,14:36:37,-08:00,2025-02-07T14:36:37-08:00,1,36
projects/projects.js,135,js,30d28055,kagastyaraju,2025-02-07,14:36:37,-08:00,2025-02-07T14:36:37-08:00,1,61
projects/projects.js,136,js,30d28055,kagastyaraju,2025-02-07,14:36:37,-08:00,2025-02-07T14:36:37-08:00,1,0
projects/projects.js,137,js,30d28055,kagastyaraju,2025-02-07,14:36:37,-08:00,2025-02-07T14:36:37-08:00,1,32
projects/projects.js,138,js,30d28055,kagastyaraju,2025-02-07,14:36:37,-08:00,2025-02-07T14:36:37-08:00,1,18
projects/projects.js,139,js,30d28055,kagastyaraju,2025-02-07,14:36:37,-08:00,2025-02-07T14:36:37-08:00,2,7
projects/projects.js,140,js,30d28055,kagastyaraju,2025-02-07,14:36:37,-08:00,2025-02-07T14:36:37-08:00,2,35
projects/projects.js,141,js,30d28055,kagastyaraju,2025-02-07,14:36:37,-08:00,2025-02-07T14:36:37-08:00,2,31
projects/projects.js,142,js,30d28055,kagastyaraju,2025-02-07,14:36:37,-08:00,2025-02-07T14:36:37-08:00,1,0
projects/projects.js,143,js,30d28055,kagastyaraju,2025-02-07,14:36:37,-08:00,2025-02-07T14:36:37-08:00,1,66
projects/projects.js,144,js,30d28055,kagastyaraju,2025-02-07,14:36:37,-08:00,2025-02-07T14:36:37-08:00,0,0
projects/projects.js,145,js,30d28055,kagastyaraju,2025-02-07,14:36:37,-08:00,2025-02-07T14:36:37-08:00,0,0
projects/projects.js,146,js,30d28055,kagastyaraju,2025-02-07,14:36:37,-08:00,2025-02-07T14:36:37-08:00,0,41
projects/projects.js,147,js,30d28055,kagastyaraju,2025-02-07,14:36:37,-08:00,2025-02-07T14:36:37-08:00,1,44
projects/projects.js,148,js,30d28055,kagastyaraju,2025-02-07,14:36:37,-08:00,2025-02-07T14:36:37-08:00,1,25
projects/projects.js,149,js,30d28055,kagastyaraju,2025-02-07,14:36:37,-08:00,2025-02-07T14:36:37-08:00,2,17
projects/projects.js,150,js,30d28055,kagastyaraju,2025-02-07,14:36:37,-08:00,2025-02-07T14:36:37-08:00,3,28
projects/projects.js,151,js,30d28055,kagastyaraju,2025-02-07,14:36:37,-08:00,2025-02-07T14:36:37-08:00,3,21
projects/projects.js,152,js,30d28055,kagastyaraju,2025-02-07,14:36:37,-08:00,2025-02-07T14:36:37-08:00,3,55
projects/projects.js,153,js,30d28055,kagastyaraju,2025-02-07,14:36:37,-08:00,2025-02-07T14:36:37-08:00,2,4
projects/projects.js,154,js,30d28055,kagastyaraju,2025-02-07,14:36:37,-08:00,2025-02-07T14:36:37-08:00,1,0
projects/projects.js,155,js,c4164bfb,kagastyaraju,2025-02-07,14:02:39,-08:00,2025-02-07T14:02:39-08:00,0,0
projects/index.html,1,html,659092fa,kagastyaraju,2025-02-07,14:22:20,-08:00,2025-02-07T14:22:20-08:00,0,29
projects/index.html,2,html,5e840c64,kagastyaraju,2025-01-10,16:42:08,-08:00,2025-01-10T16:42:08-08:00,0,13
projects/index.html,3,html,5e840c64,kagastyaraju,2025-01-10,16:42:08,-08:00,2025-01-10T16:42:08-08:00,0,14
projects/index.html,4,html,5e840c64,kagastyaraju,2025-01-10,16:42:08,-08:00,2025-01-10T16:42:08-08:00,0,4
projects/index.html,5,html,8c6e9538,kagastyaraju,2025-02-05,21:35:35,-08:00,2025-02-05T21:35:35-08:00,1,22
projects/index.html,6,html,8c6e9538,kagastyaraju,2025-02-05,21:35:35,-08:00,2025-02-05T21:35:35-08:00,1,70
projects/index.html,7,html,8c6e9538,kagastyaraju,2025-02-05,21:35:35,-08:00,2025-02-05T21:35:35-08:00,1,21
projects/index.html,8,html,8c6e9538,kagastyaraju,2025-02-05,21:35:35,-08:00,2025-02-05T21:35:35-08:00,1,43
projects/index.html,9,html,5e840c64,kagastyaraju,2025-01-10,16:42:08,-08:00,2025-01-10T16:42:08-08:00,0,5
projects/index.html,10,html,5e840c64,kagastyaraju,2025-01-10,16:42:08,-08:00,2025-01-10T16:42:08-08:00,0,4
projects/index.html,11,html,8c6e9538,kagastyaraju,2025-02-05,21:35:35,-08:00,2025-02-05T21:35:35-08:00,1,41
projects/index.html,12,html,c4164bfb,kagastyaraju,2025-02-07,14:02:39,-08:00,2025-02-07T14:02:39-08:00,0,0
projects/index.html,13,html,c4164bfb,kagastyaraju,2025-02-07,14:02:39,-08:00,2025-02-07T14:02:39-08:00,1,25
projects/index.html,14,html,c4164bfb,kagastyaraju,2025-02-07,14:02:39,-08:00,2025-02-07T14:02:39-08:00,2,18
projects/index.html,15,html,2d4c5964,kagastyaraju,2025-02-07,14:11:06,-08:00,2025-02-07T14:11:06-08:00,5,15
projects/index.html,16,html,2d4c5964,kagastyaraju,2025-02-07,14:11:06,-08:00,2025-02-07T14:11:06-08:00,5,33
projects/index.html,17,html,c4164bfb,kagastyaraju,2025-02-07,14:02:39,-08:00,2025-02-07T14:02:39-08:00,5,27
projects/index.html,18,html,c4164bfb,kagastyaraju,2025-02-07,14:02:39,-08:00,2025-02-07T14:02:39-08:00,2,0
projects/index.html,19,html,c4164bfb,kagastyaraju,2025-02-07,14:02:39,-08:00,2025-02-07T14:02:39-08:00,2,27
projects/index.html,20,html,c4164bfb,kagastyaraju,2025-02-07,14:02:39,-08:00,2025-02-07T14:02:39-08:00,3,50
projects/index.html,21,html,c4164bfb,kagastyaraju,2025-02-07,14:02:39,-08:00,2025-02-07T14:02:39-08:00,3,22
projects/index.html,22,html,c4164bfb,kagastyaraju,2025-02-07,14:02:39,-08:00,2025-02-07T14:02:39-08:00,2,4
projects/index.html,23,html,c4164bfb,kagastyaraju,2025-02-07,14:02:39,-08:00,2025-02-07T14:02:39-08:00,1,4
projects/index.html,24,html,c4164bfb,kagastyaraju,2025-02-07,14:02:39,-08:00,2025-02-07T14:02:39-08:00,0,0
projects/index.html,25,html,8c6e9538,kagastyaraju,2025-02-05,21:35:35,-08:00,2025-02-05T21:35:35-08:00,1,20
projects/index.html,26,html,8c6e9538,kagastyaraju,2025-02-05,21:35:35,-08:00,2025-02-05T21:35:35-08:00,2,63
projects/index.html,27,html,8c6e9538,kagastyaraju,2025-02-05,21:35:35,-08:00,2025-02-05T21:35:35-08:00,1,4
projects/index.html,28,html,8cf8dfd7,kagastyaraju,2025-01-23,23:03:09,-08:00,2025-01-23T23:03:09-08:00,0,0
projects/index.html,29,html,8c6e9538,kagastyaraju,2025-02-05,21:35:35,-08:00,2025-02-05T21:35:35-08:00,1,48
projects/index.html,30,html,8c6e9538,kagastyaraju,2025-02-05,21:35:35,-08:00,2025-02-05T21:35:35-08:00,1,47
projects/index.html,31,html,5e840c64,kagastyaraju,2025-01-10,16:42:08,-08:00,2025-01-10T16:42:08-08:00,0,5
projects/index.html,32,html,c4164bfb,kagastyaraju,2025-02-07,14:02:39,-08:00,2025-02-07T14:02:39-08:00,0,5
contact/index.html,1,html,b31001e6,kagastyaraju,2025-01-09,22:31:43,-08:00,2025-01-09T22:31:43-08:00,0,13
contact/index.html,2,html,d77f1770,kagastyaraju,2025-01-24,18:43:11,-08:00,2025-01-24T18:43:11-08:00,0,15
contact/index.html,3,html,b31001e6,kagastyaraju,2025-01-09,22:31:43,-08:00,2025-01-09T22:31:43-08:00,0,4
contact/index.html,4,html,b31001e6,kagastyaraju,2025-01-09,22:31:43,-08:00,2025-01-09T22:31:43-08:00,2,20
contact/index.html,5,html,b31001e6,kagastyaraju,2025-01-09,22:31:43,-08:00,2025-01-09T22:31:43-08:00,2,68
contact/index.html,6,html,b31001e6,kagastyaraju,2025-01-09,22:31:43,-08:00,2025-01-09T22:31:43-08:00,2,20
contact/index.html,7,html,b31001e6,kagastyaraju,2025-01-09,22:31:43,-08:00,2025-01-09T22:31:43-08:00,2,41
contact/index.html,8,html,b31001e6,kagastyaraju,2025-01-09,22:31:43,-08:00,2025-01-09T22:31:43-08:00,0,5
contact/index.html,9,html,b31001e6,kagastyaraju,2025-01-09,22:31:43,-08:00,2025-01-09T22:31:43-08:00,0,4
contact/index.html,10,html,e06986cf,kagastyaraju,2025-01-17,16:59:37,-08:00,2025-01-17T16:59:37-08:00,0,0
contact/index.html,11,html,e06986cf,kagastyaraju,2025-01-17,16:59:37,-08:00,2025-01-17T16:59:37-08:00,2,19
contact/index.html,12,html,d9cf8b35,kagastyaraju,2025-01-23,22:51:29,-08:00,2025-01-23T22:51:29-08:00,2,46
contact/index.html,13,html,e06986cf,kagastyaraju,2025-01-17,16:59:37,-08:00,2025-01-17T16:59:37-08:00,0,0
contact/index.html,14,html,d77f1770,kagastyaraju,2025-01-24,18:43:11,-08:00,2025-01-24T18:43:11-08:00,2,77
contact/index.html,15,html,d77f1770,kagastyaraju,2025-01-24,18:43:11,-08:00,2025-01-24T18:43:11-08:00,4,36
contact/index.html,16,html,d77f1770,kagastyaraju,2025-01-24,18:43:11,-08:00,2025-01-24T18:43:11-08:00,4,51
contact/index.html,17,html,d77f1770,kagastyaraju,2025-01-24,18:43:11,-08:00,2025-01-24T18:43:11-08:00,0,0
contact/index.html,18,html,b31001e6,kagastyaraju,2025-01-09,22:31:43,-08:00,2025-01-09T22:31:43-08:00,4,35
contact/index.html,19,html,b31001e6,kagastyaraju,2025-01-09,22:31:43,-08:00,2025-01-09T22:31:43-08:00,4,54
contact/index.html,20,html,b31001e6,kagastyaraju,2025-01-09,22:31:43,-08:00,2025-01-09T22:31:43-08:00,0,0
contact/index.html,21,html,b31001e6,kagastyaraju,2025-01-09,22:31:43,-08:00,2025-01-09T22:31:43-08:00,4,32
contact/index.html,22,html,b31001e6,kagastyaraju,2025-01-09,22:31:43,-08:00,2025-01-09T22:31:43-08:00,4,59
contact/index.html,23,html,b31001e6,kagastyaraju,2025-01-09,22:31:43,-08:00,2025-01-09T22:31:43-08:00,0,0
contact/index.html,24,html,e06986cf,kagastyaraju,2025-01-17,16:59:37,-08:00,2025-01-17T16:59:37-08:00,4,41
contact/index.html,25,html,b31001e6,kagastyaraju,2025-01-09,22:31:43,-08:00,2025-01-09T22:31:43-08:00,2,5
contact/index.html,26,html,d9cf8b35,kagastyaraju,2025-01-23,22:51:29,-08:00,2025-01-23T22:51:29-08:00,0,0
contact/index.html,27,html,d77f1770,kagastyaraju,2025-01-24,18:43:11,-08:00,2025-01-24T18:43:11-08:00,2,48
contact/index.html,28,html,b31001e6,kagastyaraju,2025-01-09,22:31:43,-08:00,2025-01-09T22:31:43-08:00,0,5
contact/index.html,29,html,b31001e6,kagastyaraju,2025-01-09,22:31:43,-08:00,2025-01-09T22:31:43-08:00,0,5
